# wavelength_A  flux_norm
5700.00000  1.00000000
5700.13752  1.00000000
5700.27503  1.00000000
5700.41255  1.00000000
5700.55007  1.00000000
5700.68759  1.00000000
5700.82510  1.00000000
5700.96262  1.00000000
5701.10014  1.00000000
5701.23765  1.00000000
5701.37517  1.00000000
5701.51269  1.00000000
5701.65021  1.00000000
5701.78772  1.00000000
5701.92524  1.00000000
5702.06276  1.00000000
5702.20028  1.00000000
5702.33779  1.00000000
5702.47531  1.00000000
5702.61283  1.00000000
5702.75034  1.00000000
5702.88786  1.00000000
5703.02538  1.00000000
5703.16290  1.00000000
5703.30041  1.00000000
5703.43793  1.00000000
5703.57545  1.00000000
5703.71296  1.00000000
5703.85048  1.00000000
5703.98800  1.00000000
5704.12552  1.00000000
5704.26303  1.00000000
5704.40055  1.00000000
5704.53807  1.00000000
5704.67558  1.00000000
5704.81310  1.00000000
5704.95062  1.00000000
5705.08814  1.00000000
5705.22565  1.00000000
5705.36317  1.00000000
5705.50069  1.00000000
5705.63820  1.00000000
5705.77572  1.00000000
5705.91324  1.00000000
5706.05076  1.00000000
5706.18827  1.00000000
5706.32579  1.00000000
5706.46331  1.00000000
5706.60083  1.00000000
5706.73834  1.00000000
5706.87586  1.00000000
5707.01338  1.00000000
5707.15089  1.00000000
5707.28841  1.00000000
5707.42593  1.00000000
5707.56345  1.00000000
5707.70096  1.00000000
5707.83848  1.00000000
5707.97600  1.00000000
5708.11351  1.00000000
5708.25103  1.00000000
5708.38855  1.00000000
5708.52607  1.00000000
5708.66358  1.00000000
5708.80110  1.00000000
5708.93862  1.00000000
5709.07613  1.00000000
5709.21365  1.00000000
5709.35117  1.00000000
5709.48869  1.00000000
5709.62620  1.00000000
5709.76372  1.00000000
5709.90124  1.00000000
5710.03875  1.00000000
5710.17627  1.00000000
5710.31379  1.00000000
5710.45131  1.00000000
5710.58882  1.00000000
5710.72634  1.00000000
5710.86386  1.00000000
5711.00138  1.00000000
5711.13889  1.00000000
5711.27641  1.00000000
5711.41393  1.00000000
5711.55144  1.00000000
5711.68896  1.00000000
5711.82648  1.00000000
5711.96400  1.00000000
5712.10151  1.00000000
5712.23903  1.00000000
5712.37655  1.00000000
5712.51406  1.00000000
5712.65158  1.00000000
5712.78910  1.00000000
5712.92662  1.00000000
5713.06413  1.00000000
5713.20165  1.00000000
5713.33917  1.00000000
5713.47668  1.00000000
5713.61420  1.00000000
5713.75172  1.00000000
5713.88924  1.00000000
5714.02675  1.00000000
5714.16427  1.00000000
5714.30179  1.00000000
5714.43930  1.00000000
5714.57682  1.00000000
5714.71434  1.00000000
5714.85186  1.00000000
5714.98937  1.00000000
5715.12689  1.00000000
5715.26441  1.00000000
5715.40193  1.00000000
5715.53944  1.00000000
5715.67696  1.00000000
5715.81448  1.00000000
5715.95199  1.00000000
5716.08951  1.00000000
5716.22703  1.00000000
5716.36455  1.00000000
5716.50206  1.00000000
5716.63958  1.00000000
5716.77710  1.00000000
5716.91461  1.00000000
5717.05213  1.00000000
5717.18965  1.00000000
5717.32717  1.00000000
5717.46468  1.00000000
5717.60220  1.00000000
5717.73972  1.00000000
5717.87723  1.00000000
5718.01475  1.00000000
5718.15227  1.00000000
5718.28979  1.00000000
5718.42730  1.00000000
5718.56482  1.00000000
5718.70234  1.00000000
5718.83985  1.00000000
5718.97737  1.00000000
5719.11489  1.00000000
5719.25241  1.00000000
5719.38992  1.00000000
5719.52744  1.00000000
5719.66496  1.00000000
5719.80248  1.00000000
5719.93999  1.00000000
5720.07751  1.00000000
5720.21503  1.00000000
5720.35254  1.00000000
5720.49006  1.00000000
5720.62758  1.00000000
5720.76510  1.00000000
5720.90261  1.00000000
5721.04013  1.00000000
5721.17765  1.00000000
5721.31516  1.00000000
5721.45268  1.00000000
5721.59020  1.00000000
5721.72772  1.00000000
5721.86523  1.00000000
5722.00275  1.00000000
5722.14027  1.00000000
5722.27778  1.00000000
5722.41530  1.00000000
5722.55282  1.00000000
5722.69034  1.00000000
5722.82785  1.00000000
5722.96537  1.00000000
5723.10289  1.00000000
5723.24041  1.00000000
5723.37792  1.00000000
5723.51544  1.00000000
5723.65296  1.00000000
5723.79047  1.00000000
5723.92799  1.00000000
5724.06551  1.00000000
5724.20303  1.00000000
5724.34054  1.00000000
5724.47806  1.00000000
5724.61558  1.00000000
5724.75309  1.00000000
5724.89061  1.00000000
5725.02813  1.00000000
5725.16565  1.00000000
5725.30316  1.00000000
5725.44068  1.00000000
5725.57820  1.00000000
5725.71571  1.00000000
5725.85323  1.00000000
5725.99075  1.00000000
5726.12827  1.00000000
5726.26578  1.00000000
5726.40330  1.00000000
5726.54082  1.00000000
5726.67833  1.00000000
5726.81585  1.00000000
5726.95337  1.00000000
5727.09089  1.00000000
5727.22840  1.00000000
5727.36592  1.00000000
5727.50344  1.00000000
5727.64096  1.00000000
5727.77847  1.00000000
5727.91599  1.00000000
5728.05351  1.00000000
5728.19102  1.00000000
5728.32854  1.00000000
5728.46606  1.00000000
5728.60358  1.00000000
5728.74109  1.00000000
5728.87861  1.00000000
5729.01613  1.00000000
5729.15364  1.00000000
5729.29116  1.00000000
5729.42868  1.00000000
5729.56620  1.00000000
5729.70371  1.00000000
5729.84123  1.00000000
5729.97875  1.00000000
5730.11626  1.00000000
5730.25378  1.00000000
5730.39130  1.00000000
5730.52882  1.00000000
5730.66633  1.00000000
5730.80385  1.00000000
5730.94137  1.00000000
5731.07888  1.00000000
5731.21640  1.00000000
5731.35392  1.00000000
5731.49144  1.00000000
5731.62895  1.00000000
5731.76647  1.00000000
5731.90399  1.00000000
5732.04151  1.00000000
5732.17902  1.00000000
5732.31654  1.00000000
5732.45406  1.00000000
5732.59157  1.00000000
5732.72909  1.00000000
5732.86661  1.00000000
5733.00413  1.00000000
5733.14164  1.00000000
5733.27916  1.00000000
5733.41668  1.00000000
5733.55419  1.00000000
5733.69171  1.00000000
5733.82923  1.00000000
5733.96675  1.00000000
5734.10426  1.00000000
5734.24178  1.00000000
5734.37930  1.00000000
5734.51681  1.00000000
5734.65433  1.00000000
5734.79185  1.00000000
5734.92937  1.00000000
5735.06688  1.00000000
5735.20440  1.00000000
5735.34192  1.00000000
5735.47943  1.00000000
5735.61695  1.00000000
5735.75447  1.00000000
5735.89199  1.00000000
5736.02950  1.00000000
5736.16702  1.00000000
5736.30454  1.00000000
5736.44206  1.00000000
5736.57957  1.00000000
5736.71709  1.00000000
5736.85461  1.00000000
5736.99212  1.00000000
5737.12964  1.00000000
5737.26716  1.00000000
5737.40468  1.00000000
5737.54219  1.00000000
5737.67971  1.00000000
5737.81723  1.00000000
5737.95474  1.00000000
5738.09226  1.00000000
5738.22978  1.00000000
5738.36730  1.00000000
5738.50481  1.00000000
5738.64233  1.00000000
5738.77985  1.00000000
5738.91736  1.00000000
5739.05488  1.00000000
5739.19240  1.00000000
5739.32992  1.00000000
5739.46743  1.00000000
5739.60495  1.00000000
5739.74247  1.00000000
5739.87998  1.00000000
5740.01750  1.00000000
5740.15502  1.00000000
5740.29254  1.00000000
5740.43005  1.00000000
5740.56757  1.00000000
5740.70509  1.00000000
5740.84261  1.00000000
5740.98012  1.00000000
5741.11764  1.00000000
5741.25516  1.00000000
5741.39267  1.00000000
5741.53019  1.00000000
5741.66771  1.00000000
5741.80523  1.00000000
5741.94274  1.00000000
5742.08026  1.00000000
5742.21778  1.00000000
5742.35529  1.00000000
5742.49281  1.00000000
5742.63033  1.00000000
5742.76785  1.00000000
5742.90536  1.00000000
5743.04288  1.00000000
5743.18040  1.00000000
5743.31791  1.00000000
5743.45543  1.00000000
5743.59295  1.00000000
5743.73047  1.00000000
5743.86798  1.00000000
5744.00550  1.00000000
5744.14302  1.00000000
5744.28054  1.00000000
5744.41805  1.00000000
5744.55557  1.00000000
5744.69309  1.00000000
5744.83060  1.00000000
5744.96812  1.00000000
5745.10564  1.00000000
5745.24316  1.00000000
5745.38067  1.00000000
5745.51819  1.00000000
5745.65571  1.00000000
5745.79322  1.00000000
5745.93074  1.00000000
5746.06826  1.00000000
5746.20578  1.00000000
5746.34329  1.00000000
5746.48081  1.00000000
5746.61833  1.00000000
5746.75584  1.00000000
5746.89336  1.00000000
5747.03088  1.00000000
5747.16840  1.00000000
5747.30591  1.00000000
5747.44343  1.00000000
5747.58095  1.00000000
5747.71846  1.00000000
5747.85598  1.00000000
5747.99350  1.00000000
5748.13102  1.00000000
5748.26853  1.00000000
5748.40605  1.00000000
5748.54357  1.00000000
5748.68109  1.00000000
5748.81860  1.00000000
5748.95612  1.00000000
5749.09364  1.00000000
5749.23115  1.00000000
5749.36867  1.00000000
5749.50619  1.00000000
5749.64371  1.00000000
5749.78122  1.00000000
5749.91874  1.00000000
5750.05626  1.00000000
5750.19377  1.00000000
5750.33129  1.00000000
5750.46881  1.00000000
5750.60633  1.00000000
5750.74384  1.00000000
5750.88136  1.00000000
5751.01888  1.00000000
5751.15639  1.00000000
5751.29391  1.00000000
5751.43143  1.00000000
5751.56895  1.00000000
5751.70646  1.00000000
5751.84398  1.00000000
5751.98150  1.00000000
5752.11901  1.00000000
5752.25653  1.00000000
5752.39405  1.00000000
5752.53157  1.00000000
5752.66908  1.00000000
5752.80660  1.00000000
5752.94412  1.00000000
5753.08164  1.00000000
5753.21915  1.00000000
5753.35667  1.00000000
5753.49419  1.00000000
5753.63170  1.00000000
5753.76922  1.00000000
5753.90674  1.00000000
5754.04426  1.00000000
5754.18177  1.00000000
5754.31929  1.00000000
5754.45681  1.00000000
5754.59432  1.00000000
5754.73184  1.00000000
5754.86936  1.00000000
5755.00688  1.00000000
5755.14439  1.00000000
5755.28191  1.00000000
5755.41943  1.00000000
5755.55694  1.00000000
5755.69446  1.00000000
5755.83198  1.00000000
5755.96950  1.00000000
5756.10701  1.00000000
5756.24453  1.00000000
5756.38205  1.00000000
5756.51956  1.00000000
5756.65708  1.00000000
5756.79460  1.00000000
5756.93212  1.00000000
5757.06963  1.00000000
5757.20715  1.00000000
5757.34467  1.00000000
5757.48219  1.00000000
5757.61970  1.00000000
5757.75722  1.00000000
5757.89474  1.00000000
5758.03225  1.00000000
5758.16977  1.00000000
5758.30729  1.00000000
5758.44481  1.00000000
5758.58232  1.00000000
5758.71984  1.00000000
5758.85736  1.00000000
5758.99487  1.00000000
5759.13239  1.00000000
5759.26991  1.00000000
5759.40743  1.00000000
5759.54494  1.00000000
5759.68246  1.00000000
5759.81998  1.00000000
5759.95749  1.00000000
5760.09501  1.00000000
5760.23253  1.00000000
5760.37005  1.00000000
5760.50756  1.00000000
5760.64508  1.00000000
5760.78260  1.00000000
5760.92012  1.00000000
5761.05763  1.00000000
5761.19515  1.00000000
5761.33267  1.00000000
5761.47018  1.00000000
5761.60770  1.00000000
5761.74522  1.00000000
5761.88274  1.00000000
5762.02025  1.00000000
5762.15777  1.00000000
5762.29529  1.00000000
5762.43280  1.00000000
5762.57032  1.00000000
5762.70784  1.00000000
5762.84536  1.00000000
5762.98287  1.00000000
5763.12039  1.00000000
5763.25791  1.00000000
5763.39542  1.00000000
5763.53294  1.00000000
5763.67046  1.00000000
5763.80798  1.00000000
5763.94549  1.00000000
5764.08301  1.00000000
5764.22053  1.00000000
5764.35804  1.00000000
5764.49556  1.00000000
5764.63308  1.00000000
5764.77060  1.00000000
5764.90811  1.00000000
5765.04563  1.00000000
5765.18315  1.00000000
5765.32067  1.00000000
5765.45818  1.00000000
5765.59570  1.00000000
5765.73322  1.00000000
5765.87073  1.00000000
5766.00825  1.00000000
5766.14577  1.00000000
5766.28329  1.00000000
5766.42080  1.00000000
5766.55832  1.00000000
5766.69584  1.00000000
5766.83335  1.00000000
5766.97087  1.00000000
5767.10839  1.00000000
5767.24591  1.00000000
5767.38342  1.00000000
5767.52094  1.00000000
5767.65846  1.00000000
5767.79597  1.00000000
5767.93349  1.00000000
5768.07101  1.00000000
5768.20853  1.00000000
5768.34604  1.00000000
5768.48356  1.00000000
5768.62108  1.00000000
5768.75859  1.00000000
5768.89611  1.00000000
5769.03363  1.00000000
5769.17115  1.00000000
5769.30866  1.00000000
5769.44618  1.00000000
5769.58370  1.00000000
5769.72122  1.00000000
5769.85873  1.00000000
5769.99625  1.00000000
5770.13377  1.00000000
5770.27128  1.00000000
5770.40880  1.00000000
5770.54632  1.00000000
5770.68384  1.00000000
5770.82135  1.00000000
5770.95887  1.00000000
5771.09639  1.00000000
5771.23390  1.00000000
5771.37142  1.00000000
5771.50894  1.00000000
5771.64646  1.00000000
5771.78397  1.00000000
5771.92149  1.00000000
5772.05901  1.00000000
5772.19652  1.00000000
5772.33404  1.00000000
5772.47156  1.00000000
5772.60908  1.00000000
5772.74659  1.00000000
5772.88411  1.00000000
5773.02163  1.00000000
5773.15914  1.00000000
5773.29666  1.00000000
5773.43418  1.00000000
5773.57170  1.00000000
5773.70921  1.00000000
5773.84673  1.00000000
5773.98425  1.00000000
5774.12177  1.00000000
5774.25928  1.00000000
5774.39680  1.00000000
5774.53432  1.00000000
5774.67183  1.00000000
5774.80935  1.00000000
5774.94687  1.00000000
5775.08439  1.00000000
5775.22190  1.00000000
5775.35942  1.00000000
5775.49694  1.00000000
5775.63445  1.00000000
5775.77197  1.00000000
5775.90949  1.00000000
5776.04701  1.00000000
5776.18452  1.00000000
5776.32204  1.00000000
5776.45956  1.00000000
5776.59707  1.00000000
5776.73459  1.00000000
5776.87211  1.00000000
5777.00963  1.00000000
5777.14714  1.00000000
5777.28466  1.00000000
5777.42218  1.00000000
5777.55969  1.00000000
5777.69721  1.00000000
5777.83473  1.00000000
5777.97225  1.00000000
5778.10976  1.00000000
5778.24728  1.00000000
5778.38480  1.00000000
5778.52232  1.00000000
5778.65983  1.00000000
5778.79735  1.00000000
5778.93487  1.00000000
5779.07238  1.00000000
5779.20990  1.00000000
5779.34742  1.00000000
5779.48494  1.00000000
5779.62245  1.00000000
5779.75997  1.00000000
5779.89749  1.00000000
5780.03500  1.00000000
5780.17252  1.00000000
5780.31004  1.00000000
5780.44756  1.00000000
5780.58507  1.00000000
5780.72259  1.00000000
5780.86011  1.00000000
5780.99762  1.00000000
5781.13514  1.00000000
5781.27266  1.00000000
5781.41018  1.00000000
5781.54769  1.00000000
5781.68521  1.00000000
5781.82273  1.00000000
5781.96025  1.00000000
5782.09776  1.00000000
5782.23528  1.00000000
5782.37280  1.00000000
5782.51031  1.00000000
5782.64783  1.00000000
5782.78535  1.00000000
5782.92287  1.00000000
5783.06038  1.00000000
5783.19790  1.00000000
5783.33542  1.00000000
5783.47293  1.00000000
5783.61045  1.00000000
5783.74797  1.00000000
5783.88549  1.00000000
5784.02300  1.00000000
5784.16052  1.00000000
5784.29804  1.00000000
5784.43555  1.00000000
5784.57307  1.00000000
5784.71059  1.00000000
5784.84811  1.00000000
5784.98562  1.00000000
5785.12314  1.00000000
5785.26066  1.00000000
5785.39817  1.00000000
5785.53569  1.00000000
5785.67321  1.00000000
5785.81073  1.00000000
5785.94824  1.00000000
5786.08576  1.00000000
5786.22328  1.00000000
5786.36080  1.00000000
5786.49831  1.00000000
5786.63583  1.00000000
5786.77335  1.00000000
5786.91086  1.00000000
5787.04838  1.00000000
5787.18590  1.00000000
5787.32342  1.00000000
5787.46093  1.00000000
5787.59845  1.00000000
5787.73597  1.00000000
5787.87348  1.00000000
5788.01100  1.00000000
5788.14852  1.00000000
5788.28604  1.00000000
5788.42355  1.00000000
5788.56107  1.00000000
5788.69859  1.00000000
5788.83610  1.00000000
5788.97362  1.00000000
5789.11114  1.00000000
5789.24866  1.00000000
5789.38617  1.00000000
5789.52369  1.00000000
5789.66121  1.00000000
5789.79872  1.00000000
5789.93624  1.00000000
5790.07376  1.00000000
5790.21128  1.00000000
5790.34879  1.00000000
5790.48631  1.00000000
5790.62383  1.00000000
5790.76135  1.00000000
5790.89886  1.00000000
5791.03638  1.00000000
5791.17390  1.00000000
5791.31141  1.00000000
5791.44893  1.00000000
5791.58645  1.00000000
5791.72397  1.00000000
5791.86148  1.00000000
5791.99900  1.00000000
5792.13652  1.00000000
5792.27403  1.00000000
5792.41155  1.00000000
5792.54907  1.00000000
5792.68659  1.00000000
5792.82410  1.00000000
5792.96162  1.00000000
5793.09914  1.00000000
5793.23665  1.00000000
5793.37417  1.00000000
5793.51169  1.00000000
5793.64921  1.00000000
5793.78672  1.00000000
5793.92424  1.00000000
5794.06176  1.00000000
5794.19927  1.00000000
5794.33679  1.00000000
5794.47431  1.00000000
5794.61183  1.00000000
5794.74934  1.00000000
5794.88686  1.00000000
5795.02438  1.00000000
5795.16190  1.00000000
5795.29941  1.00000000
5795.43693  1.00000000
5795.57445  1.00000000
5795.71196  1.00000000
5795.84948  1.00000000
5795.98700  1.00000000
5796.12452  1.00000000
5796.26203  1.00000000
5796.39955  1.00000000
5796.53707  1.00000000
5796.67458  1.00000000
5796.81210  1.00000000
5796.94962  1.00000000
5797.08714  1.00000000
5797.22465  1.00000000
5797.36217  1.00000000
5797.49969  1.00000000
5797.63720  1.00000000
5797.77472  1.00000000
5797.91224  1.00000000
5798.04976  1.00000000
5798.18727  1.00000000
5798.32479  1.00000000
5798.46231  1.00000000
5798.59982  1.00000000
5798.73734  1.00000000
5798.87486  1.00000000
5799.01238  1.00000000
5799.14989  1.00000000
5799.28741  1.00000000
5799.42493  1.00000000
5799.56245  1.00000000
5799.69996  1.00000000
5799.83748  1.00000000
5799.97500  1.00000000
5800.11251  1.00000000
5800.25003  1.00000000
5800.38755  1.00000000
5800.52507  1.00000000
5800.66258  1.00000000
5800.80010  1.00000000
5800.93762  1.00000000
5801.07513  1.00000000
5801.21265  1.00000000
5801.35017  1.00000000
5801.48769  1.00000000
5801.62520  1.00000000
5801.76272  1.00000000
5801.90024  1.00000000
5802.03775  1.00000000
5802.17527  1.00000000
5802.31279  1.00000000
5802.45031  1.00000000
5802.58782  1.00000000
5802.72534  1.00000000
5802.86286  1.00000000
5803.00038  1.00000000
5803.13789  1.00000000
5803.27541  1.00000000
5803.41293  1.00000000
5803.55044  1.00000000
5803.68796  1.00000000
5803.82548  1.00000000
5803.96300  1.00000000
5804.10051  1.00000000
5804.23803  1.00000000
5804.37555  1.00000000
5804.51306  1.00000000
5804.65058  1.00000000
5804.78810  1.00000000
5804.92562  1.00000000
5805.06313  1.00000000
5805.20065  1.00000000
5805.33817  1.00000000
5805.47568  1.00000000
5805.61320  1.00000000
5805.75072  1.00000000
5805.88824  1.00000000
5806.02575  1.00000000
5806.16327  1.00000000
5806.30079  1.00000000
5806.43830  1.00000000
5806.57582  1.00000000
5806.71334  1.00000000
5806.85086  1.00000000
5806.98837  1.00000000
5807.12589  1.00000000
5807.26341  1.00000000
5807.40093  1.00000000
5807.53844  1.00000000
5807.67596  1.00000000
5807.81348  1.00000000
5807.95099  1.00000000
5808.08851  1.00000000
5808.22603  1.00000000
5808.36355  1.00000000
5808.50106  1.00000000
5808.63858  1.00000000
5808.77610  1.00000000
5808.91361  1.00000000
5809.05113  1.00000000
5809.18865  1.00000000
5809.32617  1.00000000
5809.46368  1.00000000
5809.60120  1.00000000
5809.73872  1.00000000
5809.87623  1.00000000
5810.01375  1.00000000
5810.15127  1.00000000
5810.28879  1.00000000
5810.42630  1.00000000
5810.56382  1.00000000
5810.70134  1.00000000
5810.83885  1.00000000
5810.97637  1.00000000
5811.11389  1.00000000
5811.25141  1.00000000
5811.38892  1.00000000
5811.52644  1.00000000
5811.66396  1.00000000
5811.80148  1.00000000
5811.93899  1.00000000
5812.07651  1.00000000
5812.21403  1.00000000
5812.35154  1.00000000
5812.48906  1.00000000
5812.62658  1.00000000
5812.76410  1.00000000
5812.90161  1.00000000
5813.03913  1.00000000
5813.17665  1.00000000
5813.31416  1.00000000
5813.45168  1.00000000
5813.58920  1.00000000
5813.72672  1.00000000
5813.86423  1.00000000
5814.00175  1.00000000
5814.13927  1.00000000
5814.27678  1.00000000
5814.41430  1.00000000
5814.55182  1.00000000
5814.68934  1.00000000
5814.82685  1.00000000
5814.96437  1.00000000
5815.10189  1.00000000
5815.23940  1.00000000
5815.37692  1.00000000
5815.51444  1.00000000
5815.65196  1.00000000
5815.78947  1.00000000
5815.92699  1.00000000
5816.06451  1.00000000
5816.20203  1.00000000
5816.33954  1.00000000
5816.47706  1.00000000
5816.61458  1.00000000
5816.75209  1.00000000
5816.88961  1.00000000
5817.02713  1.00000000
5817.16465  1.00000000
5817.30216  1.00000000
5817.43968  1.00000000
5817.57720  1.00000000
5817.71471  1.00000000
5817.85223  1.00000000
5817.98975  1.00000000
5818.12727  1.00000000
5818.26478  1.00000000
5818.40230  1.00000000
5818.53982  1.00000000
5818.67733  1.00000000
5818.81485  1.00000000
5818.95237  1.00000000
5819.08989  1.00000000
5819.22740  1.00000000
5819.36492  1.00000000
5819.50244  1.00000000
5819.63995  1.00000000
5819.77747  1.00000000
5819.91499  1.00000000
5820.05251  1.00000000
5820.19002  1.00000000
5820.32754  1.00000000
5820.46506  1.00000000
5820.60258  1.00000000
5820.74009  1.00000000
5820.87761  1.00000000
5821.01513  1.00000000
5821.15264  1.00000000
5821.29016  1.00000000
5821.42768  1.00000000
5821.56520  1.00000000
5821.70271  1.00000000
5821.84023  1.00000000
5821.97775  1.00000000
5822.11526  1.00000000
5822.25278  1.00000000
5822.39030  1.00000000
5822.52782  1.00000000
5822.66533  1.00000000
5822.80285  1.00000000
5822.94037  1.00000000
5823.07788  1.00000000
5823.21540  1.00000000
5823.35292  1.00000000
5823.49044  1.00000000
5823.62795  1.00000000
5823.76547  1.00000000
5823.90299  1.00000000
5824.04051  1.00000000
5824.17802  1.00000000
5824.31554  1.00000000
5824.45306  1.00000000
5824.59057  1.00000000
5824.72809  1.00000000
5824.86561  1.00000000
5825.00313  1.00000000
5825.14064  1.00000000
5825.27816  1.00000000
5825.41568  1.00000000
5825.55319  1.00000000
5825.69071  1.00000000
5825.82823  1.00000000
5825.96575  1.00000000
5826.10326  1.00000000
5826.24078  1.00000000
5826.37830  1.00000000
5826.51581  1.00000000
5826.65333  1.00000000
5826.79085  1.00000000
5826.92837  1.00000000
5827.06588  1.00000000
5827.20340  1.00000000
5827.34092  1.00000000
5827.47843  1.00000000
5827.61595  1.00000000
5827.75347  1.00000000
5827.89099  1.00000000
5828.02850  1.00000000
5828.16602  1.00000000
5828.30354  1.00000000
5828.44106  1.00000000
5828.57857  1.00000000
5828.71609  1.00000000
5828.85361  1.00000000
5828.99112  1.00000000
5829.12864  1.00000000
5829.26616  1.00000000
5829.40368  1.00000000
5829.54119  1.00000000
5829.67871  1.00000000
5829.81623  1.00000000
5829.95374  1.00000000
5830.09126  1.00000000
5830.22878  1.00000000
5830.36630  1.00000000
5830.50381  1.00000000
5830.64133  1.00000000
5830.77885  1.00000000
5830.91636  1.00000000
5831.05388  1.00000000
5831.19140  1.00000000
5831.32892  1.00000000
5831.46643  1.00000000
5831.60395  1.00000000
5831.74147  1.00000000
5831.87898  1.00000000
5832.01650  1.00000000
5832.15402  1.00000000
5832.29154  1.00000000
5832.42905  1.00000000
5832.56657  1.00000000
5832.70409  1.00000000
5832.84161  1.00000000
5832.97912  1.00000000
5833.11664  1.00000000
5833.25416  1.00000000
5833.39167  1.00000000
5833.52919  1.00000000
5833.66671  1.00000000
5833.80423  1.00000000
5833.94174  1.00000000
5834.07926  1.00000000
5834.21678  1.00000000
5834.35429  1.00000000
5834.49181  1.00000000
5834.62933  1.00000000
5834.76685  1.00000000
5834.90436  1.00000000
5835.04188  1.00000000
5835.17940  1.00000000
5835.31691  1.00000000
5835.45443  1.00000000
5835.59195  1.00000000
5835.72947  1.00000000
5835.86698  1.00000000
5836.00450  1.00000000
5836.14202  1.00000000
5836.27953  1.00000000
5836.41705  1.00000000
5836.55457  1.00000000
5836.69209  1.00000000
5836.82960  1.00000000
5836.96712  1.00000000
5837.10464  1.00000000
5837.24216  1.00000000
5837.37967  1.00000000
5837.51719  1.00000000
5837.65471  1.00000000
5837.79222  1.00000000
5837.92974  1.00000000
5838.06726  1.00000000
5838.20478  1.00000000
5838.34229  1.00000000
5838.47981  1.00000000
5838.61733  1.00000000
5838.75484  1.00000000
5838.89236  1.00000000
5839.02988  1.00000000
5839.16740  1.00000000
5839.30491  1.00000000
5839.44243  1.00000000
5839.57995  1.00000000
5839.71746  1.00000000
5839.85498  1.00000000
5839.99250  1.00000000
5840.13002  1.00000000
5840.26753  1.00000000
5840.40505  1.00000000
5840.54257  1.00000000
5840.68009  1.00000000
5840.81760  1.00000000
5840.95512  1.00000000
5841.09264  1.00000000
5841.23015  1.00000000
5841.36767  1.00000000
5841.50519  1.00000000
5841.64271  1.00000000
5841.78022  1.00000000
5841.91774  1.00000000
5842.05526  1.00000000
5842.19277  1.00000000
5842.33029  1.00000000
5842.46781  1.00000000
5842.60533  1.00000000
5842.74284  1.00000000
5842.88036  1.00000000
5843.01788  1.00000000
5843.15539  1.00000000
5843.29291  1.00000000
5843.43043  1.00000000
5843.56795  1.00000000
5843.70546  1.00000000
5843.84298  1.00000000
5843.98050  1.00000000
5844.11801  1.00000000
5844.25553  1.00000000
5844.39305  1.00000000
5844.53057  1.00000000
5844.66808  1.00000000
5844.80560  1.00000000
5844.94312  1.00000000
5845.08064  1.00000000
5845.21815  1.00000000
5845.35567  1.00000000
5845.49319  1.00000000
5845.63070  1.00000000
5845.76822  1.00000000
5845.90574  1.00000000
5846.04326  1.00000000
5846.18077  1.00000000
5846.31829  1.00000000
5846.45581  1.00000000
5846.59332  1.00000000
5846.73084  1.00000000
5846.86836  1.00000000
5847.00588  1.00000000
5847.14339  1.00000000
5847.28091  1.00000000
5847.41843  1.00000000
5847.55594  1.00000000
5847.69346  1.00000000
5847.83098  1.00000000
5847.96850  1.00000000
5848.10601  1.00000000
5848.24353  1.00000000
5848.38105  1.00000000
5848.51856  1.00000000
5848.65608  1.00000000
5848.79360  1.00000000
5848.93112  1.00000000
5849.06863  1.00000000
5849.20615  1.00000000
5849.34367  1.00000000
5849.48119  1.00000000
5849.61870  1.00000000
5849.75622  1.00000000
5849.89374  1.00000000
5850.03125  1.00000000
5850.16877  1.00000000
5850.30629  1.00000000
5850.44381  1.00000000
5850.58132  1.00000000
5850.71884  1.00000000
5850.85636  1.00000000
5850.99387  1.00000000
5851.13139  1.00000000
5851.26891  1.00000000
5851.40643  1.00000000
5851.54394  1.00000000
5851.68146  1.00000000
5851.81898  1.00000000
5851.95649  1.00000000
5852.09401  1.00000000
5852.23153  1.00000000
5852.36905  1.00000000
5852.50656  1.00000000
5852.64408  1.00000000
5852.78160  1.00000000
5852.91911  1.00000000
5853.05663  1.00000000
5853.19415  1.00000000
5853.33167  1.00000000
5853.46918  1.00000000
5853.60670  1.00000000
5853.74422  1.00000000
5853.88174  1.00000000
5854.01925  1.00000000
5854.15677  1.00000000
5854.29429  1.00000000
5854.43180  1.00000000
5854.56932  1.00000000
5854.70684  1.00000000
5854.84436  1.00000000
5854.98187  1.00000000
5855.11939  1.00000000
5855.25691  1.00000000
5855.39442  1.00000000
5855.53194  1.00000000
5855.66946  1.00000000
5855.80698  1.00000000
5855.94449  1.00000000
5856.08201  1.00000000
5856.21953  1.00000000
5856.35704  1.00000000
5856.49456  1.00000000
5856.63208  1.00000000
5856.76960  1.00000000
5856.90711  1.00000000
5857.04463  1.00000000
5857.18215  1.00000000
5857.31966  1.00000000
5857.45718  1.00000000
5857.59470  1.00000000
5857.73222  1.00000000
5857.86973  1.00000000
5858.00725  1.00000000
5858.14477  1.00000000
5858.28229  1.00000000
5858.41980  1.00000000
5858.55732  1.00000000
5858.69484  1.00000000
5858.83235  1.00000000
5858.96987  1.00000000
5859.10739  1.00000000
5859.24491  1.00000000
5859.38242  1.00000000
5859.51994  1.00000000
5859.65746  1.00000000
5859.79497  1.00000000
5859.93249  1.00000000
5860.07001  1.00000000
5860.20753  1.00000000
5860.34504  1.00000000
5860.48256  1.00000000
5860.62008  1.00000000
5860.75759  1.00000000
5860.89511  1.00000000
5861.03263  1.00000000
5861.17015  1.00000000
5861.30766  1.00000000
5861.44518  1.00000000
5861.58270  1.00000000
5861.72022  1.00000000
5861.85773  1.00000000
5861.99525  1.00000000
5862.13277  1.00000000
5862.27028  1.00000000
5862.40780  1.00000000
5862.54532  1.00000000
5862.68284  1.00000000
5862.82035  1.00000000
5862.95787  1.00000000
5863.09539  1.00000000
5863.23290  1.00000000
5863.37042  1.00000000
5863.50794  1.00000000
5863.64546  1.00000000
5863.78297  1.00000000
5863.92049  1.00000000
5864.05801  1.00000000
5864.19552  1.00000000
5864.33304  1.00000000
5864.47056  1.00000000
5864.60808  1.00000000
5864.74559  1.00000000
5864.88311  1.00000000
5865.02063  1.00000000
5865.15814  1.00000000
5865.29566  1.00000000
5865.43318  1.00000000
5865.57070  1.00000000
5865.70821  1.00000000
5865.84573  1.00000000
5865.98325  1.00000000
5866.12077  1.00000000
5866.25828  1.00000000
5866.39580  1.00000000
5866.53332  1.00000000
5866.67083  1.00000000
5866.80835  1.00000000
5866.94587  1.00000000
5867.08339  1.00000000
5867.22090  1.00000000
5867.35842  1.00000000
5867.49594  1.00000000
5867.63345  1.00000000
5867.77097  1.00000000
5867.90849  1.00000000
5868.04601  1.00000000
5868.18352  1.00000000
5868.32104  1.00000000
5868.45856  1.00000000
5868.59607  1.00000000
5868.73359  1.00000000
5868.87111  1.00000000
5869.00863  1.00000000
5869.14614  1.00000000
5869.28366  1.00000000
5869.42118  1.00000000
5869.55869  1.00000000
5869.69621  1.00000000
5869.83373  1.00000000
5869.97125  1.00000000
5870.10876  1.00000000
5870.24628  1.00000000
5870.38380  1.00000000
5870.52132  1.00000000
5870.65883  1.00000000
5870.79635  1.00000000
5870.93387  1.00000000
5871.07138  1.00000000
5871.20890  1.00000000
5871.34642  1.00000000
5871.48394  1.00000000
5871.62145  1.00000000
5871.75897  1.00000000
5871.89649  1.00000000
5872.03400  1.00000000
5872.17152  1.00000000
5872.30904  1.00000000
5872.44656  1.00000000
5872.58407  1.00000000
5872.72159  1.00000000
5872.85911  1.00000000
5872.99662  1.00000000
5873.13414  1.00000000
5873.27166  0.99999999
5873.40918  0.99999994
5873.54669  0.99999962
5873.68421  0.99999791
5873.82173  0.99998978
5873.95924  0.99995560
5874.09676  0.99982853
5874.23428  0.99941164
5874.37180  0.99820626
5874.50931  0.99514102
5874.64683  0.98830506
5874.78435  0.97498959
5874.92187  0.95247605
5875.05938  0.91976323
5875.19690  0.87963409
5875.33442  0.83956366
5875.47193  0.80999231
5875.60945  0.80005582
5875.74697  0.81305428
5875.88449  0.84469285
5876.02200  0.88535990
5876.15952  0.92481161
5876.29704  0.95618385
5876.43455  0.97731249
5876.57207  0.98956221
5876.70959  0.99573323
5876.84711  0.99845026
5876.98462  0.99949986
5877.12214  0.99985659
5877.25966  0.99996346
5877.39717  0.99999173
5877.53469  0.99999834
5877.67221  0.99999970
5877.80973  0.99999995
5877.94724  0.99999999
5878.08476  1.00000000
5878.22228  1.00000000
5878.35979  1.00000000
5878.49731  1.00000000
5878.63483  1.00000000
5878.77235  1.00000000
5878.90986  1.00000000
5879.04738  1.00000000
5879.18490  1.00000000
5879.32242  1.00000000
5879.45993  1.00000000
5879.59745  1.00000000
5879.73497  1.00000000
5879.87248  1.00000000
5880.01000  1.00000000
5880.14752  1.00000000
5880.28504  1.00000000
5880.42255  1.00000000
5880.56007  1.00000000
5880.69759  1.00000000
5880.83510  1.00000000
5880.97262  1.00000000
5881.11014  1.00000000
5881.24766  1.00000000
5881.38517  1.00000000
5881.52269  1.00000000
5881.66021  1.00000000
5881.79772  1.00000000
5881.93524  1.00000000
5882.07276  1.00000000
5882.21028  1.00000000
5882.34779  1.00000000
5882.48531  1.00000000
5882.62283  1.00000000
5882.76035  1.00000000
5882.89786  1.00000000
5883.03538  1.00000000
5883.17290  1.00000000
5883.31041  1.00000000
5883.44793  1.00000000
5883.58545  1.00000000
5883.72297  1.00000000
5883.86048  1.00000000
5883.99800  1.00000000
5884.13552  1.00000000
5884.27303  1.00000000
5884.41055  1.00000000
5884.54807  1.00000000
5884.68559  1.00000000
5884.82310  1.00000000
5884.96062  1.00000000
5885.09814  1.00000000
5885.23565  1.00000000
5885.37317  1.00000000
5885.51069  1.00000000
5885.64821  1.00000000
5885.78572  1.00000000
5885.92324  1.00000000
5886.06076  1.00000000
5886.19827  1.00000000
5886.33579  1.00000000
5886.47331  1.00000000
5886.61083  1.00000000
5886.74834  1.00000000
5886.88586  1.00000000
5887.02338  1.00000000
5887.16090  1.00000000
5887.29841  1.00000000
5887.43593  1.00000000
5887.57345  0.99999999
5887.71096  0.99999991
5887.84848  0.99999942
5887.98600  0.99999680
5888.12352  0.99998437
5888.26103  0.99993216
5888.39855  0.99973843
5888.53607  0.99910389
5888.67358  0.99727223
5888.81110  0.99262225
5888.94862  0.98226993
5889.08614  0.96214131
5889.22365  0.92817261
5889.36117  0.87891686
5889.49869  0.81863793
5889.63620  0.75863271
5889.77372  0.71458320
5889.91124  0.70011839
5890.04876  0.72004431
5890.18627  0.76778087
5890.32379  0.82885025
5890.46131  0.88792040
5890.59882  0.93478218
5890.73634  0.96626953
5890.87386  0.98446012
5891.01138  0.99351451
5891.14889  0.99723343
5891.28641  0.99799548
5891.42393  0.99665852
5891.56145  0.99277327
5891.69896  0.98474915
5891.83648  0.96998291
5891.97400  0.94518906
5892.11151  0.90720124
5892.24903  0.85433068
5892.38655  0.78799674
5892.52407  0.71393464
5892.66158  0.64212096
5892.79910  0.58489734
5892.93662  0.55360117
5893.07413  0.55491922
5893.21165  0.58856341
5893.34917  0.64737326
5893.48669  0.71979503
5893.62420  0.79356435
5893.76172  0.85899262
5893.89924  0.91070087
5894.03675  0.94756746
5894.17427  0.97145679
5894.31179  0.98559368
5894.44931  0.99325858
5894.58682  0.99707519
5894.72434  0.99882350
5894.86186  0.99956123
5894.99937  0.99984829
5895.13689  0.99995136
5895.27441  0.99998554
5895.41193  0.99999602
5895.54944  0.99999898
5895.68696  0.99999976
5895.82448  0.99999995
5895.96200  0.99999999
5896.09951  1.00000000
5896.23703  1.00000000
5896.37455  1.00000000
5896.51206  1.00000000
5896.64958  1.00000000
5896.78710  1.00000000
5896.92462  1.00000000
5897.06213  1.00000000
5897.19965  1.00000000
5897.33717  1.00000000
5897.47468  1.00000000
5897.61220  1.00000000
5897.74972  1.00000000
5897.88724  1.00000000
5898.02475  1.00000000
5898.16227  1.00000000
5898.29979  1.00000000
5898.43730  1.00000000
5898.57482  1.00000000
5898.71234  1.00000000
5898.84986  1.00000000
5898.98737  1.00000000
5899.12489  1.00000000
5899.26241  1.00000000
5899.39992  1.00000000
5899.53744  1.00000000
5899.67496  1.00000000
5899.81248  1.00000000
5899.94999  1.00000000
5900.08751  1.00000000
5900.22503  1.00000000
5900.36255  1.00000000
5900.50006  1.00000000
5900.63758  1.00000000
5900.77510  1.00000000
5900.91261  1.00000000
5901.05013  1.00000000
5901.18765  1.00000000
5901.32517  1.00000000
5901.46268  1.00000000
5901.60020  1.00000000
5901.73772  1.00000000
5901.87523  1.00000000
5902.01275  1.00000000
5902.15027  1.00000000
5902.28779  1.00000000
5902.42530  1.00000000
5902.56282  1.00000000
5902.70034  1.00000000
5902.83785  1.00000000
5902.97537  1.00000000
5903.11289  1.00000000
5903.25041  1.00000000
5903.38792  1.00000000
5903.52544  1.00000000
5903.66296  1.00000000
5903.80048  1.00000000
5903.93799  1.00000000
5904.07551  1.00000000
5904.21303  1.00000000
5904.35054  1.00000000
5904.48806  1.00000000
5904.62558  1.00000000
5904.76310  1.00000000
5904.90061  1.00000000
5905.03813  1.00000000
5905.17565  1.00000000
5905.31316  1.00000000
5905.45068  1.00000000
5905.58820  1.00000000
5905.72572  1.00000000
5905.86323  1.00000000
5906.00075  1.00000000
5906.13827  1.00000000
5906.27578  1.00000000
5906.41330  1.00000000
5906.55082  1.00000000
5906.68834  1.00000000
5906.82585  1.00000000
5906.96337  1.00000000
5907.10089  1.00000000
5907.23840  1.00000000
5907.37592  1.00000000
5907.51344  1.00000000
5907.65096  1.00000000
5907.78847  1.00000000
5907.92599  1.00000000
5908.06351  1.00000000
5908.20103  1.00000000
5908.33854  1.00000000
5908.47606  1.00000000
5908.61358  1.00000000
5908.75109  1.00000000
5908.88861  1.00000000
5909.02613  1.00000000
5909.16365  1.00000000
5909.30116  1.00000000
5909.43868  1.00000000
5909.57620  1.00000000
5909.71371  1.00000000
5909.85123  1.00000000
5909.98875  1.00000000
5910.12627  1.00000000
5910.26378  1.00000000
5910.40130  1.00000000
5910.53882  1.00000000
5910.67633  1.00000000
5910.81385  1.00000000
5910.95137  1.00000000
5911.08889  1.00000000
5911.22640  1.00000000
5911.36392  1.00000000
5911.50144  1.00000000
5911.63895  1.00000000
5911.77647  1.00000000
5911.91399  1.00000000
5912.05151  1.00000000
5912.18902  1.00000000
5912.32654  1.00000000
5912.46406  1.00000000
5912.60158  1.00000000
5912.73909  1.00000000
5912.87661  1.00000000
5913.01413  1.00000000
5913.15164  1.00000000
5913.28916  1.00000000
5913.42668  1.00000000
5913.56420  1.00000000
5913.70171  1.00000000
5913.83923  1.00000000
5913.97675  1.00000000
5914.11426  1.00000000
5914.25178  1.00000000
5914.38930  1.00000000
5914.52682  1.00000000
5914.66433  1.00000000
5914.80185  1.00000000
5914.93937  1.00000000
5915.07688  1.00000000
5915.21440  1.00000000
5915.35192  1.00000000
5915.48944  1.00000000
5915.62695  1.00000000
5915.76447  1.00000000
5915.90199  1.00000000
5916.03950  1.00000000
5916.17702  1.00000000
5916.31454  1.00000000
5916.45206  1.00000000
5916.58957  1.00000000
5916.72709  1.00000000
5916.86461  1.00000000
5917.00213  1.00000000
5917.13964  1.00000000
5917.27716  1.00000000
5917.41468  1.00000000
5917.55219  1.00000000
5917.68971  1.00000000
5917.82723  1.00000000
5917.96475  1.00000000
5918.10226  1.00000000
5918.23978  1.00000000
5918.37730  1.00000000
5918.51481  1.00000000
5918.65233  1.00000000
5918.78985  1.00000000
5918.92737  1.00000000
5919.06488  1.00000000
5919.20240  1.00000000
5919.33992  1.00000000
5919.47743  1.00000000
5919.61495  1.00000000
5919.75247  1.00000000
5919.88999  1.00000000
5920.02750  1.00000000
5920.16502  1.00000000
5920.30254  1.00000000
5920.44006  1.00000000
5920.57757  1.00000000
5920.71509  1.00000000
5920.85261  1.00000000
5920.99012  1.00000000
5921.12764  1.00000000
5921.26516  1.00000000
5921.40268  1.00000000
5921.54019  1.00000000
5921.67771  1.00000000
5921.81523  1.00000000
5921.95274  1.00000000
5922.09026  1.00000000
5922.22778  1.00000000
5922.36530  1.00000000
5922.50281  1.00000000
5922.64033  1.00000000
5922.77785  1.00000000
5922.91536  1.00000000
5923.05288  1.00000000
5923.19040  1.00000000
5923.32792  1.00000000
5923.46543  1.00000000
5923.60295  1.00000000
5923.74047  1.00000000
5923.87798  1.00000000
5924.01550  1.00000000
5924.15302  1.00000000
5924.29054  1.00000000
5924.42805  1.00000000
5924.56557  1.00000000
5924.70309  1.00000000
5924.84061  1.00000000
5924.97812  1.00000000
5925.11564  1.00000000
5925.25316  1.00000000
5925.39067  1.00000000
5925.52819  1.00000000
5925.66571  1.00000000
5925.80323  1.00000000
5925.94074  1.00000000
5926.07826  1.00000000
5926.21578  1.00000000
5926.35329  1.00000000
5926.49081  1.00000000
5926.62833  1.00000000
5926.76585  1.00000000
5926.90336  1.00000000
5927.04088  1.00000000
5927.17840  1.00000000
5927.31591  1.00000000
5927.45343  1.00000000
5927.59095  1.00000000
5927.72847  1.00000000
5927.86598  1.00000000
5928.00350  1.00000000
5928.14102  1.00000000
5928.27853  1.00000000
5928.41605  1.00000000
5928.55357  1.00000000
5928.69109  1.00000000
5928.82860  1.00000000
5928.96612  1.00000000
5929.10364  1.00000000
5929.24116  1.00000000
5929.37867  1.00000000
5929.51619  1.00000000
5929.65371  1.00000000
5929.79122  1.00000000
5929.92874  1.00000000
5930.06626  1.00000000
5930.20378  1.00000000
5930.34129  1.00000000
5930.47881  1.00000000
5930.61633  1.00000000
5930.75384  1.00000000
5930.89136  1.00000000
5931.02888  1.00000000
5931.16640  1.00000000
5931.30391  1.00000000
5931.44143  1.00000000
5931.57895  1.00000000
5931.71646  1.00000000
5931.85398  1.00000000
5931.99150  1.00000000
5932.12902  1.00000000
5932.26653  1.00000000
5932.40405  1.00000000
5932.54157  1.00000000
5932.67908  1.00000000
5932.81660  1.00000000
5932.95412  1.00000000
5933.09164  1.00000000
5933.22915  1.00000000
5933.36667  1.00000000
5933.50419  1.00000000
5933.64171  1.00000000
5933.77922  1.00000000
5933.91674  1.00000000
5934.05426  1.00000000
5934.19177  1.00000000
5934.32929  1.00000000
5934.46681  1.00000000
5934.60433  1.00000000
5934.74184  1.00000000
5934.87936  1.00000000
5935.01688  1.00000000
5935.15439  1.00000000
5935.29191  1.00000000
5935.42943  1.00000000
5935.56695  1.00000000
5935.70446  1.00000000
5935.84198  1.00000000
5935.97950  1.00000000
5936.11701  1.00000000
5936.25453  1.00000000
5936.39205  1.00000000
5936.52957  1.00000000
5936.66708  1.00000000
5936.80460  1.00000000
5936.94212  1.00000000
5937.07963  1.00000000
5937.21715  1.00000000
5937.35467  1.00000000
5937.49219  1.00000000
5937.62970  1.00000000
5937.76722  1.00000000
5937.90474  1.00000000
5938.04226  1.00000000
5938.17977  1.00000000
5938.31729  1.00000000
5938.45481  1.00000000
5938.59232  1.00000000
5938.72984  1.00000000
5938.86736  1.00000000
5939.00488  1.00000000
5939.14239  1.00000000
5939.27991  1.00000000
5939.41743  1.00000000
5939.55494  1.00000000
5939.69246  1.00000000
5939.82998  1.00000000
5939.96750  1.00000000
5940.10501  1.00000000
5940.24253  1.00000000
5940.38005  1.00000000
5940.51756  1.00000000
5940.65508  1.00000000
5940.79260  1.00000000
5940.93012  1.00000000
5941.06763  1.00000000
5941.20515  1.00000000
5941.34267  1.00000000
5941.48019  1.00000000
5941.61770  1.00000000
5941.75522  1.00000000
5941.89274  1.00000000
5942.03025  1.00000000
5942.16777  1.00000000
5942.30529  1.00000000
5942.44281  1.00000000
5942.58032  1.00000000
5942.71784  1.00000000
5942.85536  1.00000000
5942.99287  1.00000000
5943.13039  1.00000000
5943.26791  1.00000000
5943.40543  1.00000000
5943.54294  1.00000000
5943.68046  1.00000000
5943.81798  1.00000000
5943.95549  1.00000000
5944.09301  1.00000000
5944.23053  1.00000000
5944.36805  1.00000000
5944.50556  1.00000000
5944.64308  1.00000000
5944.78060  1.00000000
5944.91811  1.00000000
5945.05563  1.00000000
5945.19315  1.00000000
5945.33067  1.00000000
5945.46818  1.00000000
5945.60570  1.00000000
5945.74322  1.00000000
5945.88074  1.00000000
5946.01825  1.00000000
5946.15577  1.00000000
5946.29329  1.00000000
5946.43080  1.00000000
5946.56832  1.00000000
5946.70584  1.00000000
5946.84336  1.00000000
5946.98087  1.00000000
5947.11839  1.00000000
5947.25591  1.00000000
5947.39342  1.00000000
5947.53094  1.00000000
5947.66846  1.00000000
5947.80598  1.00000000
5947.94349  1.00000000
5948.08101  1.00000000
5948.21853  1.00000000
5948.35604  1.00000000
5948.49356  1.00000000
5948.63108  1.00000000
5948.76860  1.00000000
5948.90611  1.00000000
5949.04363  1.00000000
5949.18115  1.00000000
5949.31866  1.00000000
5949.45618  1.00000000
5949.59370  1.00000000
5949.73122  1.00000000
5949.86873  1.00000000
5950.00625  1.00000000
5950.14377  1.00000000
5950.28129  1.00000000
5950.41880  1.00000000
5950.55632  1.00000000
5950.69384  1.00000000
5950.83135  1.00000000
5950.96887  1.00000000
5951.10639  1.00000000
5951.24391  1.00000000
5951.38142  1.00000000
5951.51894  1.00000000
5951.65646  1.00000000
5951.79397  1.00000000
5951.93149  1.00000000
5952.06901  1.00000000
5952.20653  1.00000000
5952.34404  1.00000000
5952.48156  1.00000000
5952.61908  1.00000000
5952.75659  1.00000000
5952.89411  1.00000000
5953.03163  1.00000000
5953.16915  1.00000000
5953.30666  1.00000000
5953.44418  1.00000000
5953.58170  1.00000000
5953.71921  1.00000000
5953.85673  1.00000000
5953.99425  1.00000000
5954.13177  1.00000000
5954.26928  1.00000000
5954.40680  1.00000000
5954.54432  1.00000000
5954.68184  1.00000000
5954.81935  1.00000000
5954.95687  1.00000000
5955.09439  1.00000000
5955.23190  1.00000000
5955.36942  1.00000000
5955.50694  1.00000000
5955.64446  1.00000000
5955.78197  1.00000000
5955.91949  1.00000000
5956.05701  1.00000000
5956.19452  1.00000000
5956.33204  1.00000000
5956.46956  1.00000000
5956.60708  1.00000000
5956.74459  1.00000000
5956.88211  1.00000000
5957.01963  1.00000000
5957.15714  1.00000000
5957.29466  1.00000000
5957.43218  1.00000000
5957.56970  1.00000000
5957.70721  1.00000000
5957.84473  1.00000000
5957.98225  1.00000000
5958.11976  1.00000000
5958.25728  1.00000000
5958.39480  1.00000000
5958.53232  1.00000000
5958.66983  1.00000000
5958.80735  1.00000000
5958.94487  1.00000000
5959.08239  1.00000000
5959.21990  1.00000000
5959.35742  1.00000000
5959.49494  1.00000000
5959.63245  1.00000000
5959.76997  1.00000000
5959.90749  1.00000000
5960.04501  1.00000000
5960.18252  1.00000000
5960.32004  1.00000000
5960.45756  1.00000000
5960.59507  1.00000000
5960.73259  1.00000000
5960.87011  1.00000000
5961.00763  1.00000000
5961.14514  1.00000000
5961.28266  1.00000000
5961.42018  1.00000000
5961.55769  1.00000000
5961.69521  1.00000000
5961.83273  1.00000000
5961.97025  1.00000000
5962.10776  1.00000000
5962.24528  1.00000000
5962.38280  1.00000000
5962.52032  1.00000000
5962.65783  1.00000000
5962.79535  1.00000000
5962.93287  1.00000000
5963.07038  1.00000000
5963.20790  1.00000000
5963.34542  1.00000000
5963.48294  1.00000000
5963.62045  1.00000000
5963.75797  1.00000000
5963.89549  1.00000000
5964.03300  1.00000000
5964.17052  1.00000000
5964.30804  1.00000000
5964.44556  1.00000000
5964.58307  1.00000000
5964.72059  1.00000000
5964.85811  1.00000000
5964.99562  1.00000000
5965.13314  1.00000000
5965.27066  1.00000000
5965.40818  1.00000000
5965.54569  1.00000000
5965.68321  1.00000000
5965.82073  1.00000000
5965.95824  1.00000000
5966.09576  1.00000000
5966.23328  1.00000000
5966.37080  1.00000000
5966.50831  1.00000000
5966.64583  1.00000000
5966.78335  1.00000000
5966.92087  1.00000000
5967.05838  1.00000000
5967.19590  1.00000000
5967.33342  1.00000000
5967.47093  1.00000000
5967.60845  1.00000000
5967.74597  1.00000000
5967.88349  1.00000000
5968.02100  1.00000000
5968.15852  1.00000000
5968.29604  1.00000000
5968.43355  1.00000000
5968.57107  1.00000000
5968.70859  1.00000000
5968.84611  1.00000000
5968.98362  1.00000000
5969.12114  1.00000000
5969.25866  1.00000000
5969.39617  1.00000000
5969.53369  1.00000000
5969.67121  1.00000000
5969.80873  1.00000000
5969.94624  1.00000000
5970.08376  1.00000000
5970.22128  1.00000000
5970.35879  1.00000000
5970.49631  1.00000000
5970.63383  1.00000000
5970.77135  1.00000000
5970.90886  1.00000000
5971.04638  1.00000000
5971.18390  1.00000000
5971.32142  1.00000000
5971.45893  1.00000000
5971.59645  1.00000000
5971.73397  1.00000000
5971.87148  1.00000000
5972.00900  1.00000000
5972.14652  1.00000000
5972.28404  1.00000000
5972.42155  1.00000000
5972.55907  1.00000000
5972.69659  1.00000000
5972.83410  1.00000000
5972.97162  1.00000000
5973.10914  1.00000000
5973.24666  1.00000000
5973.38417  1.00000000
5973.52169  1.00000000
5973.65921  1.00000000
5973.79672  1.00000000
5973.93424  1.00000000
5974.07176  1.00000000
5974.20928  1.00000000
5974.34679  1.00000000
5974.48431  1.00000000
5974.62183  1.00000000
5974.75934  1.00000000
5974.89686  1.00000000
5975.03438  1.00000000
5975.17190  1.00000000
5975.30941  1.00000000
5975.44693  1.00000000
5975.58445  1.00000000
5975.72197  1.00000000
5975.85948  1.00000000
5975.99700  1.00000000
5976.13452  1.00000000
5976.27203  1.00000000
5976.40955  1.00000000
5976.54707  1.00000000
5976.68459  1.00000000
5976.82210  1.00000000
5976.95962  1.00000000
5977.09714  1.00000000
5977.23465  1.00000000
5977.37217  1.00000000
5977.50969  1.00000000
5977.64721  1.00000000
5977.78472  1.00000000
5977.92224  1.00000000
5978.05976  1.00000000
5978.19727  1.00000000
5978.33479  1.00000000
5978.47231  1.00000000
5978.60983  1.00000000
5978.74734  1.00000000
5978.88486  1.00000000
5979.02238  1.00000000
5979.15989  1.00000000
5979.29741  1.00000000
5979.43493  1.00000000
5979.57245  1.00000000
5979.70996  1.00000000
5979.84748  1.00000000
5979.98500  1.00000000
5980.12252  1.00000000
5980.26003  1.00000000
5980.39755  1.00000000
5980.53507  1.00000000
5980.67258  1.00000000
5980.81010  1.00000000
5980.94762  1.00000000
5981.08514  1.00000000
5981.22265  1.00000000
5981.36017  1.00000000
5981.49769  1.00000000
5981.63520  1.00000000
5981.77272  1.00000000
5981.91024  1.00000000
5982.04776  1.00000000
5982.18527  1.00000000
5982.32279  1.00000000
5982.46031  1.00000000
5982.59782  1.00000000
5982.73534  1.00000000
5982.87286  1.00000000
5983.01038  1.00000000
5983.14789  1.00000000
5983.28541  1.00000000
5983.42293  1.00000000
5983.56045  1.00000000
5983.69796  1.00000000
5983.83548  1.00000000
5983.97300  1.00000000
5984.11051  1.00000000
5984.24803  1.00000000
5984.38555  1.00000000
5984.52307  1.00000000
5984.66058  1.00000000
5984.79810  1.00000000
5984.93562  1.00000000
5985.07313  1.00000000
5985.21065  1.00000000
5985.34817  1.00000000
5985.48569  1.00000000
5985.62320  1.00000000
5985.76072  1.00000000
5985.89824  1.00000000
5986.03575  1.00000000
5986.17327  1.00000000
5986.31079  1.00000000
5986.44831  1.00000000
5986.58582  1.00000000
5986.72334  1.00000000
5986.86086  1.00000000
5986.99837  1.00000000
5987.13589  1.00000000
5987.27341  1.00000000
5987.41093  1.00000000
5987.54844  1.00000000
5987.68596  1.00000000
5987.82348  1.00000000
5987.96100  1.00000000
5988.09851  1.00000000
5988.23603  1.00000000
5988.37355  1.00000000
5988.51106  1.00000000
5988.64858  1.00000000
5988.78610  1.00000000
5988.92362  1.00000000
5989.06113  1.00000000
5989.19865  1.00000000
5989.33617  1.00000000
5989.47368  1.00000000
5989.61120  1.00000000
5989.74872  1.00000000
5989.88624  1.00000000
5990.02375  1.00000000
5990.16127  1.00000000
5990.29879  1.00000000
5990.43630  1.00000000
5990.57382  1.00000000
5990.71134  1.00000000
5990.84886  1.00000000
5990.98637  1.00000000
5991.12389  1.00000000
5991.26141  1.00000000
5991.39892  1.00000000
5991.53644  1.00000000
5991.67396  1.00000000
5991.81148  1.00000000
5991.94899  1.00000000
5992.08651  1.00000000
5992.22403  1.00000000
5992.36155  1.00000000
5992.49906  1.00000000
5992.63658  1.00000000
5992.77410  1.00000000
5992.91161  1.00000000
5993.04913  1.00000000
5993.18665  1.00000000
5993.32417  1.00000000
5993.46168  1.00000000
5993.59920  1.00000000
5993.73672  1.00000000
5993.87423  1.00000000
5994.01175  1.00000000
5994.14927  1.00000000
5994.28679  1.00000000
5994.42430  1.00000000
5994.56182  1.00000000
5994.69934  1.00000000
5994.83685  1.00000000
5994.97437  1.00000000
5995.11189  1.00000000
5995.24941  1.00000000
5995.38692  1.00000000
5995.52444  1.00000000
5995.66196  1.00000000
5995.79947  1.00000000
5995.93699  1.00000000
5996.07451  1.00000000
5996.21203  1.00000000
5996.34954  1.00000000
5996.48706  1.00000000
5996.62458  1.00000000
5996.76210  1.00000000
5996.89961  1.00000000
5997.03713  1.00000000
5997.17465  1.00000000
5997.31216  1.00000000
5997.44968  1.00000000
5997.58720  1.00000000
5997.72472  1.00000000
5997.86223  1.00000000
5997.99975  1.00000000
5998.13727  1.00000000
5998.27478  1.00000000
5998.41230  1.00000000
5998.54982  1.00000000
5998.68734  1.00000000
5998.82485  1.00000000
5998.96237  1.00000000
5999.09989  1.00000000
5999.23740  1.00000000
5999.37492  1.00000000
5999.51244  1.00000000
5999.64996  1.00000000
5999.78747  1.00000000
5999.92499  1.00000000
6000.06251  1.00000000
6000.20003  1.00000000
6000.33754  1.00000000
6000.47506  1.00000000
6000.61258  1.00000000
6000.75009  1.00000000
6000.88761  1.00000000
6001.02513  1.00000000
6001.16265  1.00000000
6001.30016  1.00000000
6001.43768  1.00000000
6001.57520  1.00000000
6001.71271  1.00000000
6001.85023  1.00000000
6001.98775  1.00000000
6002.12527  1.00000000
6002.26278  1.00000000
6002.40030  1.00000000
6002.53782  1.00000000
6002.67533  1.00000000
6002.81285  1.00000000
6002.95037  1.00000000
6003.08789  1.00000000
6003.22540  1.00000000
6003.36292  1.00000000
6003.50044  1.00000000
6003.63795  1.00000000
6003.77547  1.00000000
6003.91299  1.00000000
6004.05051  1.00000000
6004.18802  1.00000000
6004.32554  1.00000000
6004.46306  1.00000000
6004.60058  1.00000000
6004.73809  1.00000000
6004.87561  1.00000000
6005.01313  1.00000000
6005.15064  1.00000000
6005.28816  1.00000000
6005.42568  1.00000000
6005.56320  1.00000000
6005.70071  1.00000000
6005.83823  1.00000000
6005.97575  1.00000000
6006.11326  1.00000000
6006.25078  1.00000000
6006.38830  1.00000000
6006.52582  1.00000000
6006.66333  1.00000000
6006.80085  1.00000000
6006.93837  1.00000000
6007.07588  1.00000000
6007.21340  1.00000000
6007.35092  1.00000000
6007.48844  1.00000000
6007.62595  1.00000000
6007.76347  1.00000000
6007.90099  1.00000000
6008.03850  1.00000000
6008.17602  1.00000000
6008.31354  1.00000000
6008.45106  1.00000000
6008.58857  1.00000000
6008.72609  1.00000000
6008.86361  1.00000000
6009.00113  1.00000000
6009.13864  1.00000000
6009.27616  1.00000000
6009.41368  1.00000000
6009.55119  1.00000000
6009.68871  1.00000000
6009.82623  1.00000000
6009.96375  1.00000000
6010.10126  1.00000000
6010.23878  1.00000000
6010.37630  1.00000000
6010.51381  1.00000000
6010.65133  1.00000000
6010.78885  1.00000000
6010.92637  1.00000000
6011.06388  1.00000000
6011.20140  1.00000000
6011.33892  1.00000000
6011.47643  1.00000000
6011.61395  1.00000000
6011.75147  1.00000000
6011.88899  1.00000000
6012.02650  1.00000000
6012.16402  1.00000000
6012.30154  1.00000000
6012.43905  1.00000000
6012.57657  1.00000000
6012.71409  1.00000000
6012.85161  1.00000000
6012.98912  1.00000000
6013.12664  1.00000000
6013.26416  1.00000000
6013.40168  1.00000000
6013.53919  1.00000000
6013.67671  1.00000000
6013.81423  1.00000000
6013.95174  1.00000000
6014.08926  1.00000000
6014.22678  1.00000000
6014.36430  1.00000000
6014.50181  1.00000000
6014.63933  1.00000000
6014.77685  1.00000000
6014.91436  1.00000000
6015.05188  1.00000000
6015.18940  1.00000000
6015.32692  1.00000000
6015.46443  1.00000000
6015.60195  1.00000000
6015.73947  1.00000000
6015.87698  1.00000000
6016.01450  1.00000000
6016.15202  1.00000000
6016.28954  1.00000000
6016.42705  1.00000000
6016.56457  1.00000000
6016.70209  1.00000000
6016.83960  1.00000000
6016.97712  1.00000000
6017.11464  1.00000000
6017.25216  1.00000000
6017.38967  1.00000000
6017.52719  1.00000000
6017.66471  1.00000000
6017.80223  1.00000000
6017.93974  1.00000000
6018.07726  1.00000000
6018.21478  1.00000000
6018.35229  1.00000000
6018.48981  1.00000000
6018.62733  1.00000000
6018.76485  1.00000000
6018.90236  1.00000000
6019.03988  1.00000000
6019.17740  1.00000000
6019.31491  1.00000000
6019.45243  1.00000000
6019.58995  1.00000000
6019.72747  1.00000000
6019.86498  1.00000000
6020.00250  1.00000000
6020.14002  1.00000000
6020.27753  1.00000000
6020.41505  1.00000000
6020.55257  1.00000000
6020.69009  1.00000000
6020.82760  1.00000000
6020.96512  1.00000000
6021.10264  1.00000000
6021.24016  1.00000000
6021.37767  1.00000000
6021.51519  1.00000000
6021.65271  1.00000000
6021.79022  1.00000000
6021.92774  1.00000000
6022.06526  1.00000000
6022.20278  1.00000000
6022.34029  1.00000000
6022.47781  1.00000000
6022.61533  1.00000000
6022.75284  1.00000000
6022.89036  1.00000000
6023.02788  1.00000000
6023.16540  1.00000000
6023.30291  1.00000000
6023.44043  1.00000000
6023.57795  1.00000000
6023.71546  1.00000000
6023.85298  1.00000000
6023.99050  1.00000000
6024.12802  1.00000000
6024.26553  1.00000000
6024.40305  1.00000000
6024.54057  1.00000000
6024.67808  1.00000000
6024.81560  1.00000000
6024.95312  1.00000000
6025.09064  1.00000000
6025.22815  1.00000000
6025.36567  1.00000000
6025.50319  1.00000000
6025.64071  1.00000000
6025.77822  1.00000000
6025.91574  1.00000000
6026.05326  1.00000000
6026.19077  1.00000000
6026.32829  1.00000000
6026.46581  1.00000000
6026.60333  1.00000000
6026.74084  1.00000000
6026.87836  1.00000000
6027.01588  1.00000000
6027.15339  1.00000000
6027.29091  1.00000000
6027.42843  1.00000000
6027.56595  1.00000000
6027.70346  1.00000000
6027.84098  1.00000000
6027.97850  1.00000000
6028.11601  1.00000000
6028.25353  1.00000000
6028.39105  1.00000000
6028.52857  1.00000000
6028.66608  1.00000000
6028.80360  1.00000000
6028.94112  1.00000000
6029.07863  1.00000000
6029.21615  1.00000000
6029.35367  1.00000000
6029.49119  1.00000000
6029.62870  1.00000000
6029.76622  1.00000000
6029.90374  1.00000000
6030.04126  1.00000000
6030.17877  1.00000000
6030.31629  1.00000000
6030.45381  1.00000000
6030.59132  1.00000000
6030.72884  1.00000000
6030.86636  1.00000000
6031.00388  1.00000000
6031.14139  1.00000000
6031.27891  1.00000000
6031.41643  1.00000000
6031.55394  1.00000000
6031.69146  1.00000000
6031.82898  1.00000000
6031.96650  1.00000000
6032.10401  1.00000000
6032.24153  1.00000000
6032.37905  1.00000000
6032.51656  1.00000000
6032.65408  1.00000000
6032.79160  1.00000000
6032.92912  1.00000000
6033.06663  1.00000000
6033.20415  1.00000000
6033.34167  1.00000000
6033.47918  1.00000000
6033.61670  1.00000000
6033.75422  1.00000000
6033.89174  1.00000000
6034.02925  1.00000000
6034.16677  1.00000000
6034.30429  1.00000000
6034.44181  1.00000000
6034.57932  1.00000000
6034.71684  1.00000000
6034.85436  1.00000000
6034.99187  1.00000000
6035.12939  1.00000000
6035.26691  1.00000000
6035.40443  1.00000000
6035.54194  1.00000000
6035.67946  1.00000000
6035.81698  1.00000000
6035.95449  1.00000000
6036.09201  1.00000000
6036.22953  1.00000000
6036.36705  1.00000000
6036.50456  1.00000000
6036.64208  1.00000000
6036.77960  1.00000000
6036.91711  1.00000000
6037.05463  1.00000000
6037.19215  1.00000000
6037.32967  1.00000000
6037.46718  1.00000000
6037.60470  1.00000000
6037.74222  1.00000000
6037.87973  1.00000000
6038.01725  1.00000000
6038.15477  1.00000000
6038.29229  1.00000000
6038.42980  1.00000000
6038.56732  1.00000000
6038.70484  1.00000000
6038.84236  1.00000000
6038.97987  1.00000000
6039.11739  1.00000000
6039.25491  1.00000000
6039.39242  1.00000000
6039.52994  1.00000000
6039.66746  1.00000000
6039.80498  1.00000000
6039.94249  1.00000000
6040.08001  1.00000000
6040.21753  1.00000000
6040.35504  1.00000000
6040.49256  1.00000000
6040.63008  1.00000000
6040.76760  1.00000000
6040.90511  1.00000000
6041.04263  1.00000000
6041.18015  1.00000000
6041.31766  1.00000000
6041.45518  1.00000000
6041.59270  1.00000000
6041.73022  1.00000000
6041.86773  1.00000000
6042.00525  1.00000000
6042.14277  1.00000000
6042.28029  1.00000000
6042.41780  1.00000000
6042.55532  1.00000000
6042.69284  1.00000000
6042.83035  1.00000000
6042.96787  1.00000000
6043.10539  1.00000000
6043.24291  1.00000000
6043.38042  1.00000000
6043.51794  1.00000000
6043.65546  1.00000000
6043.79297  1.00000000
6043.93049  1.00000000
6044.06801  1.00000000
6044.20553  1.00000000
6044.34304  1.00000000
6044.48056  1.00000000
6044.61808  1.00000000
6044.75559  1.00000000
6044.89311  1.00000000
6045.03063  1.00000000
6045.16815  1.00000000
6045.30566  1.00000000
6045.44318  1.00000000
6045.58070  1.00000000
6045.71821  1.00000000
6045.85573  1.00000000
6045.99325  1.00000000
6046.13077  1.00000000
6046.26828  1.00000000
6046.40580  1.00000000
6046.54332  1.00000000
6046.68084  1.00000000
6046.81835  1.00000000
6046.95587  1.00000000
6047.09339  1.00000000
6047.23090  1.00000000
6047.36842  1.00000000
6047.50594  1.00000000
6047.64346  1.00000000
6047.78097  1.00000000
6047.91849  1.00000000
6048.05601  1.00000000
6048.19352  1.00000000
6048.33104  1.00000000
6048.46856  1.00000000
6048.60608  1.00000000
6048.74359  1.00000000
6048.88111  1.00000000
6049.01863  1.00000000
6049.15614  1.00000000
6049.29366  1.00000000
6049.43118  1.00000000
6049.56870  1.00000000
6049.70621  1.00000000
6049.84373  1.00000000
6049.98125  1.00000000
6050.11876  1.00000000
6050.25628  1.00000000
6050.39380  1.00000000
6050.53132  1.00000000
6050.66883  1.00000000
6050.80635  1.00000000
6050.94387  1.00000000
6051.08139  1.00000000
6051.21890  1.00000000
6051.35642  1.00000000
6051.49394  1.00000000
6051.63145  1.00000000
6051.76897  1.00000000
6051.90649  1.00000000
6052.04401  1.00000000
6052.18152  1.00000000
6052.31904  1.00000000
6052.45656  1.00000000
6052.59407  1.00000000
6052.73159  1.00000000
6052.86911  1.00000000
6053.00663  1.00000000
6053.14414  1.00000000
6053.28166  1.00000000
6053.41918  1.00000000
6053.55669  1.00000000
6053.69421  1.00000000
6053.83173  1.00000000
6053.96925  1.00000000
6054.10676  1.00000000
6054.24428  1.00000000
6054.38180  1.00000000
6054.51931  1.00000000
6054.65683  1.00000000
6054.79435  1.00000000
6054.93187  1.00000000
6055.06938  1.00000000
6055.20690  1.00000000
6055.34442  1.00000000
6055.48194  1.00000000
6055.61945  1.00000000
6055.75697  1.00000000
6055.89449  1.00000000
6056.03200  1.00000000
6056.16952  1.00000000
6056.30704  1.00000000
6056.44456  1.00000000
6056.58207  1.00000000
6056.71959  1.00000000
6056.85711  1.00000000
6056.99462  1.00000000
6057.13214  1.00000000
6057.26966  1.00000000
6057.40718  1.00000000
6057.54469  1.00000000
6057.68221  1.00000000
6057.81973  1.00000000
6057.95724  1.00000000
6058.09476  1.00000000
6058.23228  1.00000000
6058.36980  1.00000000
6058.50731  1.00000000
6058.64483  1.00000000
6058.78235  1.00000000
6058.91986  1.00000000
6059.05738  1.00000000
6059.19490  1.00000000
6059.33242  1.00000000
6059.46993  1.00000000
6059.60745  1.00000000
6059.74497  1.00000000
6059.88249  1.00000000
6060.02000  1.00000000
6060.15752  1.00000000
6060.29504  1.00000000
6060.43255  1.00000000
6060.57007  1.00000000
6060.70759  1.00000000
6060.84511  1.00000000
6060.98262  1.00000000
6061.12014  1.00000000
6061.25766  1.00000000
6061.39517  1.00000000
6061.53269  1.00000000
6061.67021  1.00000000
6061.80773  1.00000000
6061.94524  1.00000000
6062.08276  1.00000000
6062.22028  1.00000000
6062.35779  1.00000000
6062.49531  1.00000000
6062.63283  1.00000000
6062.77035  1.00000000
6062.90786  1.00000000
6063.04538  1.00000000
6063.18290  1.00000000
6063.32042  1.00000000
6063.45793  1.00000000
6063.59545  1.00000000
6063.73297  1.00000000
6063.87048  1.00000000
6064.00800  1.00000000
6064.14552  1.00000000
6064.28304  1.00000000
6064.42055  1.00000000
6064.55807  1.00000000
6064.69559  1.00000000
6064.83310  1.00000000
6064.97062  1.00000000
6065.10814  1.00000000
6065.24566  1.00000000
6065.38317  1.00000000
6065.52069  1.00000000
6065.65821  1.00000000
6065.79572  1.00000000
6065.93324  1.00000000
6066.07076  1.00000000
6066.20828  1.00000000
6066.34579  1.00000000
6066.48331  1.00000000
6066.62083  1.00000000
6066.75834  1.00000000
6066.89586  1.00000000
6067.03338  1.00000000
6067.17090  1.00000000
6067.30841  1.00000000
6067.44593  1.00000000
6067.58345  1.00000000
6067.72097  1.00000000
6067.85848  1.00000000
6067.99600  1.00000000
6068.13352  1.00000000
6068.27103  1.00000000
6068.40855  1.00000000
6068.54607  1.00000000
6068.68359  1.00000000
6068.82110  1.00000000
6068.95862  1.00000000
6069.09614  1.00000000
6069.23365  1.00000000
6069.37117  1.00000000
6069.50869  1.00000000
6069.64621  1.00000000
6069.78372  1.00000000
6069.92124  1.00000000
6070.05876  1.00000000
6070.19627  1.00000000
6070.33379  1.00000000
6070.47131  1.00000000
6070.60883  1.00000000
6070.74634  1.00000000
6070.88386  1.00000000
6071.02138  1.00000000
6071.15889  1.00000000
6071.29641  1.00000000
6071.43393  1.00000000
6071.57145  1.00000000
6071.70896  1.00000000
6071.84648  1.00000000
6071.98400  1.00000000
6072.12152  1.00000000
6072.25903  1.00000000
6072.39655  1.00000000
6072.53407  1.00000000
6072.67158  1.00000000
6072.80910  1.00000000
6072.94662  1.00000000
6073.08414  1.00000000
6073.22165  1.00000000
6073.35917  1.00000000
6073.49669  1.00000000
6073.63420  1.00000000
6073.77172  1.00000000
6073.90924  1.00000000
6074.04676  1.00000000
6074.18427  1.00000000
6074.32179  1.00000000
6074.45931  1.00000000
6074.59682  1.00000000
6074.73434  1.00000000
6074.87186  1.00000000
6075.00938  1.00000000
6075.14689  1.00000000
6075.28441  1.00000000
6075.42193  1.00000000
6075.55944  1.00000000
6075.69696  1.00000000
6075.83448  1.00000000
6075.97200  1.00000000
6076.10951  1.00000000
6076.24703  1.00000000
6076.38455  1.00000000
6076.52207  1.00000000
6076.65958  1.00000000
6076.79710  1.00000000
6076.93462  1.00000000
6077.07213  1.00000000
6077.20965  1.00000000
6077.34717  1.00000000
6077.48469  1.00000000
6077.62220  1.00000000
6077.75972  1.00000000
6077.89724  1.00000000
6078.03475  1.00000000
6078.17227  1.00000000
6078.30979  1.00000000
6078.44731  1.00000000
6078.58482  1.00000000
6078.72234  1.00000000
6078.85986  1.00000000
6078.99737  1.00000000
6079.13489  1.00000000
6079.27241  1.00000000
6079.40993  1.00000000
6079.54744  1.00000000
6079.68496  1.00000000
6079.82248  1.00000000
6079.95999  1.00000000
6080.09751  1.00000000
6080.23503  1.00000000
6080.37255  1.00000000
6080.51006  1.00000000
6080.64758  1.00000000
6080.78510  1.00000000
6080.92262  1.00000000
6081.06013  1.00000000
6081.19765  1.00000000
6081.33517  1.00000000
6081.47268  1.00000000
6081.61020  1.00000000
6081.74772  1.00000000
6081.88524  1.00000000
6082.02275  1.00000000
6082.16027  1.00000000
6082.29779  1.00000000
6082.43530  1.00000000
6082.57282  1.00000000
6082.71034  1.00000000
6082.84786  1.00000000
6082.98537  1.00000000
6083.12289  1.00000000
6083.26041  1.00000000
6083.39792  1.00000000
6083.53544  1.00000000
6083.67296  1.00000000
6083.81048  1.00000000
6083.94799  1.00000000
6084.08551  1.00000000
6084.22303  1.00000000
6084.36055  1.00000000
6084.49806  1.00000000
6084.63558  1.00000000
6084.77310  1.00000000
6084.91061  1.00000000
6085.04813  1.00000000
6085.18565  1.00000000
6085.32317  1.00000000
6085.46068  1.00000000
6085.59820  1.00000000
6085.73572  1.00000000
6085.87323  1.00000000
6086.01075  1.00000000
6086.14827  1.00000000
6086.28579  1.00000000
6086.42330  1.00000000
6086.56082  1.00000000
6086.69834  1.00000000
6086.83585  1.00000000
6086.97337  1.00000000
6087.11089  1.00000000
6087.24841  1.00000000
6087.38592  1.00000000
6087.52344  1.00000000
6087.66096  1.00000000
6087.79847  1.00000000
6087.93599  1.00000000
6088.07351  1.00000000
6088.21103  1.00000000
6088.34854  1.00000000
6088.48606  1.00000000
6088.62358  1.00000000
6088.76110  1.00000000
6088.89861  1.00000000
6089.03613  1.00000000
6089.17365  1.00000000
6089.31116  1.00000000
6089.44868  1.00000000
6089.58620  1.00000000
6089.72372  1.00000000
6089.86123  1.00000000
6089.99875  1.00000000
6090.13627  1.00000000
6090.27378  1.00000000
6090.41130  1.00000000
6090.54882  1.00000000
6090.68634  1.00000000
6090.82385  1.00000000
6090.96137  1.00000000
6091.09889  1.00000000
6091.23640  1.00000000
6091.37392  1.00000000
6091.51144  1.00000000
6091.64896  1.00000000
6091.78647  1.00000000
6091.92399  1.00000000
6092.06151  1.00000000
6092.19902  1.00000000
6092.33654  1.00000000
6092.47406  1.00000000
6092.61158  1.00000000
6092.74909  1.00000000
6092.88661  1.00000000
6093.02413  1.00000000
6093.16165  1.00000000
6093.29916  1.00000000
6093.43668  1.00000000
6093.57420  1.00000000
6093.71171  1.00000000
6093.84923  1.00000000
6093.98675  1.00000000
6094.12427  1.00000000
6094.26178  1.00000000
6094.39930  1.00000000
6094.53682  1.00000000
6094.67433  1.00000000
6094.81185  1.00000000
6094.94937  1.00000000
6095.08689  1.00000000
6095.22440  1.00000000
6095.36192  1.00000000
6095.49944  1.00000000
6095.63695  1.00000000
6095.77447  1.00000000
6095.91199  1.00000000
6096.04951  1.00000000
6096.18702  1.00000000
6096.32454  1.00000000
6096.46206  1.00000000
6096.59957  1.00000000
6096.73709  1.00000000
6096.87461  1.00000000
6097.01213  1.00000000
6097.14964  1.00000000
6097.28716  1.00000000
6097.42468  1.00000000
6097.56220  1.00000000
6097.69971  1.00000000
6097.83723  1.00000000
6097.97475  1.00000000
6098.11226  1.00000000
6098.24978  1.00000000
6098.38730  1.00000000
6098.52482  1.00000000
6098.66233  1.00000000
6098.79985  1.00000000
6098.93737  1.00000000
6099.07488  1.00000000
6099.21240  1.00000000
6099.34992  1.00000000
6099.48744  1.00000000
6099.62495  1.00000000
6099.76247  1.00000000
6099.89999  1.00000000
6100.03750  1.00000000
6100.17502  1.00000000
6100.31254  1.00000000
6100.45006  1.00000000
6100.58757  1.00000000
6100.72509  1.00000000
6100.86261  1.00000000
6101.00013  1.00000000
6101.13764  1.00000000
6101.27516  1.00000000
6101.41268  1.00000000
6101.55019  1.00000000
6101.68771  1.00000000
6101.82523  1.00000000
6101.96275  1.00000000
6102.10026  1.00000000
6102.23778  1.00000000
6102.37530  1.00000000
6102.51281  1.00000000
6102.65033  1.00000000
6102.78785  1.00000000
6102.92537  1.00000000
6103.06288  1.00000000
6103.20040  1.00000000
6103.33792  1.00000000
6103.47543  1.00000000
6103.61295  1.00000000
6103.75047  1.00000000
6103.88799  1.00000000
6104.02550  1.00000000
6104.16302  1.00000000
6104.30054  1.00000000
6104.43805  1.00000000
6104.57557  1.00000000
6104.71309  1.00000000
6104.85061  1.00000000
6104.98812  1.00000000
6105.12564  1.00000000
6105.26316  1.00000000
6105.40068  1.00000000
6105.53819  1.00000000
6105.67571  1.00000000
6105.81323  1.00000000
6105.95074  1.00000000
6106.08826  1.00000000
6106.22578  1.00000000
6106.36330  1.00000000
6106.50081  1.00000000
6106.63833  1.00000000
6106.77585  1.00000000
6106.91336  1.00000000
6107.05088  1.00000000
6107.18840  1.00000000
6107.32592  1.00000000
6107.46343  1.00000000
6107.60095  1.00000000
6107.73847  1.00000000
6107.87598  1.00000000
6108.01350  1.00000000
6108.15102  1.00000000
6108.28854  1.00000000
6108.42605  1.00000000
6108.56357  1.00000000
6108.70109  1.00000000
6108.83860  1.00000000
6108.97612  1.00000000
6109.11364  1.00000000
6109.25116  1.00000000
6109.38867  1.00000000
6109.52619  1.00000000
6109.66371  1.00000000
6109.80123  1.00000000
6109.93874  1.00000000
6110.07626  1.00000000
6110.21378  1.00000000
6110.35129  1.00000000
6110.48881  1.00000000
6110.62633  1.00000000
6110.76385  1.00000000
6110.90136  1.00000000
6111.03888  1.00000000
6111.17640  1.00000000
6111.31391  1.00000000
6111.45143  1.00000000
6111.58895  1.00000000
6111.72647  1.00000000
6111.86398  1.00000000
6112.00150  1.00000000
6112.13902  1.00000000
6112.27653  1.00000000
6112.41405  1.00000000
6112.55157  1.00000000
6112.68909  1.00000000
6112.82660  1.00000000
6112.96412  1.00000000
6113.10164  1.00000000
6113.23915  1.00000000
6113.37667  1.00000000
6113.51419  1.00000000
6113.65171  1.00000000
6113.78922  1.00000000
6113.92674  1.00000000
6114.06426  1.00000000
6114.20178  1.00000000
6114.33929  1.00000000
6114.47681  1.00000000
6114.61433  1.00000000
6114.75184  1.00000000
6114.88936  1.00000000
6115.02688  1.00000000
6115.16440  1.00000000
6115.30191  1.00000000
6115.43943  1.00000000
6115.57695  1.00000000
6115.71446  1.00000000
6115.85198  1.00000000
6115.98950  1.00000000
6116.12702  1.00000000
6116.26453  1.00000000
6116.40205  1.00000000
6116.53957  1.00000000
6116.67708  1.00000000
6116.81460  1.00000000
6116.95212  1.00000000
6117.08964  1.00000000
6117.22715  1.00000000
6117.36467  1.00000000
6117.50219  1.00000000
6117.63970  1.00000000
6117.77722  1.00000000
6117.91474  1.00000000
6118.05226  1.00000000
6118.18977  1.00000000
6118.32729  1.00000000
6118.46481  1.00000000
6118.60233  1.00000000
6118.73984  1.00000000
6118.87736  1.00000000
6119.01488  1.00000000
6119.15239  1.00000000
6119.28991  1.00000000
6119.42743  1.00000000
6119.56495  1.00000000
6119.70246  1.00000000
6119.83998  1.00000000
6119.97750  1.00000000
6120.11501  1.00000000
6120.25253  1.00000000
6120.39005  1.00000000
6120.52757  1.00000000
6120.66508  1.00000000
6120.80260  1.00000000
6120.94012  1.00000000
6121.07763  1.00000000
6121.21515  1.00000000
6121.35267  1.00000000
6121.49019  1.00000000
6121.62770  1.00000000
6121.76522  1.00000000
6121.90274  1.00000000
6122.04026  1.00000000
6122.17777  1.00000000
6122.31529  1.00000000
6122.45281  1.00000000
6122.59032  1.00000000
6122.72784  1.00000000
6122.86536  1.00000000
6123.00288  1.00000000
6123.14039  1.00000000
6123.27791  1.00000000
6123.41543  1.00000000
6123.55294  1.00000000
6123.69046  1.00000000
6123.82798  1.00000000
6123.96550  1.00000000
6124.10301  1.00000000
6124.24053  1.00000000
6124.37805  1.00000000
6124.51556  1.00000000
6124.65308  1.00000000
6124.79060  1.00000000
6124.92812  1.00000000
6125.06563  1.00000000
6125.20315  1.00000000
6125.34067  1.00000000
6125.47818  1.00000000
6125.61570  1.00000000
6125.75322  1.00000000
6125.89074  1.00000000
6126.02825  1.00000000
6126.16577  1.00000000
6126.30329  1.00000000
6126.44081  1.00000000
6126.57832  1.00000000
6126.71584  1.00000000
6126.85336  1.00000000
6126.99087  1.00000000
6127.12839  1.00000000
6127.26591  1.00000000
6127.40343  1.00000000
6127.54094  1.00000000
6127.67846  1.00000000
6127.81598  1.00000000
6127.95349  1.00000000
6128.09101  1.00000000
6128.22853  1.00000000
6128.36605  1.00000000
6128.50356  1.00000000
6128.64108  1.00000000
6128.77860  1.00000000
6128.91611  1.00000000
6129.05363  1.00000000
6129.19115  1.00000000
6129.32867  1.00000000
6129.46618  1.00000000
6129.60370  1.00000000
6129.74122  1.00000000
6129.87873  1.00000000
6130.01625  1.00000000
6130.15377  1.00000000
6130.29129  1.00000000
6130.42880  1.00000000
6130.56632  1.00000000
6130.70384  1.00000000
6130.84136  1.00000000
6130.97887  1.00000000
6131.11639  1.00000000
6131.25391  1.00000000
6131.39142  1.00000000
6131.52894  1.00000000
6131.66646  1.00000000
6131.80398  1.00000000
6131.94149  1.00000000
6132.07901  1.00000000
6132.21653  1.00000000
6132.35404  1.00000000
6132.49156  1.00000000
6132.62908  1.00000000
6132.76660  1.00000000
6132.90411  1.00000000
6133.04163  1.00000000
6133.17915  1.00000000
6133.31666  1.00000000
6133.45418  1.00000000
6133.59170  1.00000000
6133.72922  1.00000000
6133.86673  1.00000000
6134.00425  1.00000000
6134.14177  1.00000000
6134.27928  1.00000000
6134.41680  1.00000000
6134.55432  1.00000000
6134.69184  1.00000000
6134.82935  1.00000000
6134.96687  1.00000000
6135.10439  1.00000000
6135.24191  1.00000000
6135.37942  1.00000000
6135.51694  1.00000000
6135.65446  1.00000000
6135.79197  1.00000000
6135.92949  1.00000000
6136.06701  1.00000000
6136.20453  1.00000000
6136.34204  1.00000000
6136.47956  1.00000000
6136.61708  1.00000000
6136.75459  1.00000000
6136.89211  1.00000000
6137.02963  1.00000000
6137.16715  1.00000000
6137.30466  1.00000000
6137.44218  1.00000000
6137.57970  1.00000000
6137.71721  1.00000000
6137.85473  1.00000000
6137.99225  1.00000000
6138.12977  1.00000000
6138.26728  1.00000000
6138.40480  1.00000000
6138.54232  1.00000000
6138.67983  1.00000000
6138.81735  1.00000000
6138.95487  1.00000000
6139.09239  1.00000000
6139.22990  1.00000000
6139.36742  1.00000000
6139.50494  1.00000000
6139.64246  1.00000000
6139.77997  1.00000000
6139.91749  1.00000000
6140.05501  1.00000000
6140.19252  1.00000000
6140.33004  1.00000000
6140.46756  1.00000000
6140.60508  1.00000000
6140.74259  1.00000000
6140.88011  1.00000000
6141.01763  1.00000000
6141.15514  1.00000000
6141.29266  1.00000000
6141.43018  1.00000000
6141.56770  1.00000000
6141.70521  1.00000000
6141.84273  1.00000000
6141.98025  1.00000000
6142.11776  1.00000000
6142.25528  1.00000000
6142.39280  1.00000000
6142.53032  1.00000000
6142.66783  1.00000000
6142.80535  1.00000000
6142.94287  1.00000000
6143.08039  1.00000000
6143.21790  1.00000000
6143.35542  1.00000000
6143.49294  1.00000000
6143.63045  1.00000000
6143.76797  1.00000000
6143.90549  1.00000000
6144.04301  1.00000000
6144.18052  1.00000000
6144.31804  1.00000000
6144.45556  1.00000000
6144.59307  1.00000000
6144.73059  1.00000000
6144.86811  1.00000000
6145.00563  1.00000000
6145.14314  1.00000000
6145.28066  1.00000000
6145.41818  1.00000000
6145.55569  1.00000000
6145.69321  1.00000000
6145.83073  1.00000000
6145.96825  1.00000000
6146.10576  1.00000000
6146.24328  1.00000000
6146.38080  1.00000000
6146.51831  1.00000000
6146.65583  1.00000000
6146.79335  1.00000000
6146.93087  1.00000000
6147.06838  1.00000000
6147.20590  1.00000000
6147.34342  1.00000000
6147.48094  1.00000000
6147.61845  1.00000000
6147.75597  1.00000000
6147.89349  1.00000000
6148.03100  1.00000000
6148.16852  1.00000000
6148.30604  1.00000000
6148.44356  1.00000000
6148.58107  1.00000000
6148.71859  1.00000000
6148.85611  1.00000000
6148.99362  1.00000000
6149.13114  1.00000000
6149.26866  1.00000000
6149.40618  1.00000000
6149.54369  1.00000000
6149.68121  1.00000000
6149.81873  1.00000000
6149.95624  1.00000000
6150.09376  1.00000000
6150.23128  1.00000000
6150.36880  1.00000000
6150.50631  1.00000000
6150.64383  1.00000000
6150.78135  1.00000000
6150.91886  1.00000000
6151.05638  1.00000000
6151.19390  1.00000000
6151.33142  1.00000000
6151.46893  1.00000000
6151.60645  1.00000000
6151.74397  1.00000000
6151.88149  1.00000000
6152.01900  1.00000000
6152.15652  1.00000000
6152.29404  1.00000000
6152.43155  1.00000000
6152.56907  1.00000000
6152.70659  1.00000000
6152.84411  1.00000000
6152.98162  1.00000000
6153.11914  1.00000000
6153.25666  1.00000000
6153.39417  1.00000000
6153.53169  1.00000000
6153.66921  1.00000000
6153.80673  1.00000000
6153.94424  1.00000000
6154.08176  1.00000000
6154.21928  1.00000000
6154.35679  1.00000000
6154.49431  1.00000000
6154.63183  1.00000000
6154.76935  1.00000000
6154.90686  1.00000000
6155.04438  1.00000000
6155.18190  1.00000000
6155.31941  1.00000000
6155.45693  1.00000000
6155.59445  1.00000000
6155.73197  1.00000000
6155.86948  1.00000000
6156.00700  1.00000000
6156.14452  1.00000000
6156.28204  1.00000000
6156.41955  1.00000000
6156.55707  1.00000000
6156.69459  1.00000000
6156.83210  1.00000000
6156.96962  1.00000000
6157.10714  1.00000000
6157.24466  1.00000000
6157.38217  1.00000000
6157.51969  1.00000000
6157.65721  1.00000000
6157.79472  1.00000000
6157.93224  1.00000000
6158.06976  1.00000000
6158.20728  1.00000000
6158.34479  1.00000000
6158.48231  1.00000000
6158.61983  1.00000000
6158.75734  1.00000000
6158.89486  1.00000000
6159.03238  1.00000000
6159.16990  1.00000000
6159.30741  1.00000000
6159.44493  1.00000000
6159.58245  1.00000000
6159.71996  1.00000000
6159.85748  1.00000000
6159.99500  1.00000000
6160.13252  1.00000000
6160.27003  1.00000000
6160.40755  1.00000000
6160.54507  1.00000000
6160.68259  1.00000000
6160.82010  1.00000000
6160.95762  1.00000000
6161.09514  1.00000000
6161.23265  1.00000000
6161.37017  1.00000000
6161.50769  1.00000000
6161.64521  1.00000000
6161.78272  1.00000000
6161.92024  1.00000000
6162.05776  1.00000000
6162.19527  1.00000000
6162.33279  1.00000000
6162.47031  1.00000000
6162.60783  1.00000000
6162.74534  1.00000000
6162.88286  1.00000000
6163.02038  1.00000000
6163.15789  1.00000000
6163.29541  1.00000000
6163.43293  1.00000000
6163.57045  1.00000000
6163.70796  1.00000000
6163.84548  1.00000000
6163.98300  1.00000000
6164.12052  1.00000000
6164.25803  1.00000000
6164.39555  1.00000000
6164.53307  1.00000000
6164.67058  1.00000000
6164.80810  1.00000000
6164.94562  1.00000000
6165.08314  1.00000000
6165.22065  1.00000000
6165.35817  1.00000000
6165.49569  1.00000000
6165.63320  1.00000000
6165.77072  1.00000000
6165.90824  1.00000000
6166.04576  1.00000000
6166.18327  1.00000000
6166.32079  1.00000000
6166.45831  1.00000000
6166.59582  1.00000000
6166.73334  1.00000000
6166.87086  1.00000000
6167.00838  1.00000000
6167.14589  1.00000000
6167.28341  1.00000000
6167.42093  1.00000000
6167.55844  1.00000000
6167.69596  1.00000000
6167.83348  1.00000000
6167.97100  1.00000000
6168.10851  1.00000000
6168.24603  1.00000000
6168.38355  1.00000000
6168.52107  1.00000000
6168.65858  1.00000000
6168.79610  1.00000000
6168.93362  1.00000000
6169.07113  1.00000000
6169.20865  1.00000000
6169.34617  1.00000000
6169.48369  1.00000000
6169.62120  1.00000000
6169.75872  1.00000000
6169.89624  1.00000000
6170.03375  1.00000000
6170.17127  1.00000000
6170.30879  1.00000000
6170.44631  1.00000000
6170.58382  1.00000000
6170.72134  1.00000000
6170.85886  1.00000000
6170.99637  1.00000000
6171.13389  1.00000000
6171.27141  1.00000000
6171.40893  1.00000000
6171.54644  1.00000000
6171.68396  1.00000000
6171.82148  1.00000000
6171.95899  1.00000000
6172.09651  1.00000000
6172.23403  1.00000000
6172.37155  1.00000000
6172.50906  1.00000000
6172.64658  1.00000000
6172.78410  1.00000000
6172.92162  1.00000000
6173.05913  1.00000000
6173.19665  1.00000000
6173.33417  1.00000000
6173.47168  1.00000000
6173.60920  1.00000000
6173.74672  1.00000000
6173.88424  1.00000000
6174.02175  1.00000000
6174.15927  1.00000000
6174.29679  1.00000000
6174.43430  1.00000000
6174.57182  1.00000000
6174.70934  1.00000000
6174.84686  1.00000000
6174.98437  1.00000000
6175.12189  1.00000000
6175.25941  1.00000000
6175.39692  1.00000000
6175.53444  1.00000000
6175.67196  1.00000000
6175.80948  1.00000000
6175.94699  1.00000000
6176.08451  1.00000000
6176.22203  1.00000000
6176.35954  1.00000000
6176.49706  1.00000000
6176.63458  1.00000000
6176.77210  1.00000000
6176.90961  1.00000000
6177.04713  1.00000000
6177.18465  1.00000000
6177.32217  1.00000000
6177.45968  1.00000000
6177.59720  1.00000000
6177.73472  1.00000000
6177.87223  1.00000000
6178.00975  1.00000000
6178.14727  1.00000000
6178.28479  1.00000000
6178.42230  1.00000000
6178.55982  1.00000000
6178.69734  1.00000000
6178.83485  1.00000000
6178.97237  1.00000000
6179.10989  1.00000000
6179.24741  1.00000000
6179.38492  1.00000000
6179.52244  1.00000000
6179.65996  1.00000000
6179.79747  1.00000000
6179.93499  1.00000000
6180.07251  1.00000000
6180.21003  1.00000000
6180.34754  1.00000000
6180.48506  1.00000000
6180.62258  1.00000000
6180.76010  1.00000000
6180.89761  1.00000000
6181.03513  1.00000000
6181.17265  1.00000000
6181.31016  1.00000000
6181.44768  1.00000000
6181.58520  1.00000000
6181.72272  1.00000000
6181.86023  1.00000000
6181.99775  1.00000000
6182.13527  1.00000000
6182.27278  1.00000000
6182.41030  1.00000000
6182.54782  1.00000000
6182.68534  1.00000000
6182.82285  1.00000000
6182.96037  1.00000000
6183.09789  1.00000000
6183.23540  1.00000000
6183.37292  1.00000000
6183.51044  1.00000000
6183.64796  1.00000000
6183.78547  1.00000000
6183.92299  1.00000000
6184.06051  1.00000000
6184.19802  1.00000000
6184.33554  1.00000000
6184.47306  1.00000000
6184.61058  1.00000000
6184.74809  1.00000000
6184.88561  1.00000000
6185.02313  1.00000000
6185.16065  1.00000000
6185.29816  1.00000000
6185.43568  1.00000000
6185.57320  1.00000000
6185.71071  1.00000000
6185.84823  1.00000000
6185.98575  1.00000000
6186.12327  1.00000000
6186.26078  1.00000000
6186.39830  1.00000000
6186.53582  1.00000000
6186.67333  1.00000000
6186.81085  1.00000000
6186.94837  1.00000000
6187.08589  1.00000000
6187.22340  1.00000000
6187.36092  1.00000000
6187.49844  1.00000000
6187.63595  1.00000000
6187.77347  1.00000000
6187.91099  1.00000000
6188.04851  1.00000000
6188.18602  1.00000000
6188.32354  1.00000000
6188.46106  1.00000000
6188.59857  1.00000000
6188.73609  1.00000000
6188.87361  1.00000000
6189.01113  1.00000000
6189.14864  1.00000000
6189.28616  1.00000000
6189.42368  1.00000000
6189.56120  1.00000000
6189.69871  1.00000000
6189.83623  1.00000000
6189.97375  1.00000000
6190.11126  1.00000000
6190.24878  1.00000000
6190.38630  1.00000000
6190.52382  1.00000000
6190.66133  1.00000000
6190.79885  1.00000000
6190.93637  1.00000000
6191.07388  1.00000000
6191.21140  1.00000000
6191.34892  1.00000000
6191.48644  1.00000000
6191.62395  1.00000000
6191.76147  1.00000000
6191.89899  1.00000000
6192.03650  1.00000000
6192.17402  1.00000000
6192.31154  1.00000000
6192.44906  1.00000000
6192.58657  1.00000000
6192.72409  1.00000000
6192.86161  1.00000000
6192.99912  1.00000000
6193.13664  1.00000000
6193.27416  1.00000000
6193.41168  1.00000000
6193.54919  1.00000000
6193.68671  1.00000000
6193.82423  1.00000000
6193.96175  1.00000000
6194.09926  1.00000000
6194.23678  1.00000000
6194.37430  1.00000000
6194.51181  1.00000000
6194.64933  1.00000000
6194.78685  1.00000000
6194.92437  1.00000000
6195.06188  1.00000000
6195.19940  1.00000000
6195.33692  1.00000000
6195.47443  1.00000000
6195.61195  1.00000000
6195.74947  1.00000000
6195.88699  1.00000000
6196.02450  1.00000000
6196.16202  1.00000000
6196.29954  1.00000000
6196.43705  1.00000000
6196.57457  1.00000000
6196.71209  1.00000000
6196.84961  1.00000000
6196.98712  1.00000000
6197.12464  1.00000000
6197.26216  1.00000000
6197.39967  1.00000000
6197.53719  1.00000000
6197.67471  1.00000000
6197.81223  1.00000000
6197.94974  1.00000000
6198.08726  1.00000000
6198.22478  1.00000000
6198.36230  1.00000000
6198.49981  1.00000000
6198.63733  1.00000000
6198.77485  1.00000000
6198.91236  1.00000000
6199.04988  1.00000000
6199.18740  1.00000000
6199.32492  1.00000000
6199.46243  1.00000000
6199.59995  1.00000000
6199.73747  1.00000000
6199.87498  1.00000000
6200.01250  1.00000000
6200.15002  1.00000000
6200.28754  1.00000000
6200.42505  1.00000000
6200.56257  1.00000000
6200.70009  1.00000000
6200.83760  1.00000000
6200.97512  1.00000000
6201.11264  1.00000000
6201.25016  1.00000000
6201.38767  1.00000000
6201.52519  1.00000000
6201.66271  1.00000000
6201.80023  1.00000000
6201.93774  1.00000000
6202.07526  1.00000000
6202.21278  1.00000000
6202.35029  1.00000000
6202.48781  1.00000000
6202.62533  1.00000000
6202.76285  1.00000000
6202.90036  1.00000000
6203.03788  1.00000000
6203.17540  1.00000000
6203.31291  1.00000000
6203.45043  1.00000000
6203.58795  1.00000000
6203.72547  1.00000000
6203.86298  1.00000000
6204.00050  1.00000000
6204.13802  1.00000000
6204.27553  1.00000000
6204.41305  1.00000000
6204.55057  1.00000000
6204.68809  1.00000000
6204.82560  1.00000000
6204.96312  1.00000000
6205.10064  1.00000000
6205.23815  1.00000000
6205.37567  1.00000000
6205.51319  1.00000000
6205.65071  1.00000000
6205.78822  1.00000000
6205.92574  1.00000000
6206.06326  1.00000000
6206.20078  1.00000000
6206.33829  1.00000000
6206.47581  1.00000000
6206.61333  1.00000000
6206.75084  1.00000000
6206.88836  1.00000000
6207.02588  1.00000000
6207.16340  1.00000000
6207.30091  1.00000000
6207.43843  1.00000000
6207.57595  1.00000000
6207.71346  1.00000000
6207.85098  1.00000000
6207.98850  1.00000000
6208.12602  1.00000000
6208.26353  1.00000000
6208.40105  1.00000000
6208.53857  1.00000000
6208.67608  1.00000000
6208.81360  1.00000000
6208.95112  1.00000000
6209.08864  1.00000000
6209.22615  1.00000000
6209.36367  1.00000000
6209.50119  1.00000000
6209.63870  1.00000000
6209.77622  1.00000000
6209.91374  1.00000000
6210.05126  1.00000000
6210.18877  1.00000000
6210.32629  1.00000000
6210.46381  1.00000000
6210.60133  1.00000000
6210.73884  1.00000000
6210.87636  1.00000000
6211.01388  1.00000000
6211.15139  1.00000000
6211.28891  1.00000000
6211.42643  1.00000000
6211.56395  1.00000000
6211.70146  1.00000000
6211.83898  1.00000000
6211.97650  1.00000000
6212.11401  1.00000000
6212.25153  1.00000000
6212.38905  1.00000000
6212.52657  1.00000000
6212.66408  1.00000000
6212.80160  1.00000000
6212.93912  1.00000000
6213.07663  1.00000000
6213.21415  1.00000000
6213.35167  1.00000000
6213.48919  1.00000000
6213.62670  1.00000000
6213.76422  1.00000000
6213.90174  1.00000000
6214.03925  1.00000000
6214.17677  1.00000000
6214.31429  1.00000000
6214.45181  1.00000000
6214.58932  1.00000000
6214.72684  1.00000000
6214.86436  1.00000000
6215.00188  1.00000000
6215.13939  1.00000000
6215.27691  1.00000000
6215.41443  1.00000000
6215.55194  1.00000000
6215.68946  1.00000000
6215.82698  1.00000000
6215.96450  1.00000000
6216.10201  1.00000000
6216.23953  1.00000000
6216.37705  1.00000000
6216.51456  1.00000000
6216.65208  1.00000000
6216.78960  1.00000000
6216.92712  1.00000000
6217.06463  1.00000000
6217.20215  1.00000000
6217.33967  1.00000000
6217.47718  1.00000000
6217.61470  1.00000000
6217.75222  1.00000000
6217.88974  1.00000000
6218.02725  1.00000000
6218.16477  1.00000000
6218.30229  1.00000000
6218.43980  1.00000000
6218.57732  1.00000000
6218.71484  1.00000000
6218.85236  1.00000000
6218.98987  1.00000000
6219.12739  1.00000000
6219.26491  1.00000000
6219.40243  1.00000000
6219.53994  1.00000000
6219.67746  1.00000000
6219.81498  1.00000000
6219.95249  1.00000000
6220.09001  1.00000000
6220.22753  1.00000000
6220.36505  1.00000000
6220.50256  1.00000000
6220.64008  1.00000000
6220.77760  1.00000000
6220.91511  1.00000000
6221.05263  1.00000000
6221.19015  1.00000000
6221.32767  1.00000000
6221.46518  1.00000000
6221.60270  1.00000000
6221.74022  1.00000000
6221.87773  1.00000000
6222.01525  1.00000000
6222.15277  1.00000000
6222.29029  1.00000000
6222.42780  1.00000000
6222.56532  1.00000000
6222.70284  1.00000000
6222.84036  1.00000000
6222.97787  1.00000000
6223.11539  1.00000000
6223.25291  1.00000000
6223.39042  1.00000000
6223.52794  1.00000000
6223.66546  1.00000000
6223.80298  1.00000000
6223.94049  1.00000000
6224.07801  1.00000000
6224.21553  1.00000000
6224.35304  1.00000000
6224.49056  1.00000000
6224.62808  1.00000000
6224.76560  1.00000000
6224.90311  1.00000000
6225.04063  1.00000000
6225.17815  1.00000000
6225.31566  1.00000000
6225.45318  1.00000000
6225.59070  1.00000000
6225.72822  1.00000000
6225.86573  1.00000000
6226.00325  1.00000000
6226.14077  1.00000000
6226.27828  1.00000000
6226.41580  1.00000000
6226.55332  1.00000000
6226.69084  1.00000000
6226.82835  1.00000000
6226.96587  1.00000000
6227.10339  1.00000000
6227.24091  1.00000000
6227.37842  1.00000000
6227.51594  1.00000000
6227.65346  1.00000000
6227.79097  1.00000000
6227.92849  1.00000000
6228.06601  1.00000000
6228.20353  1.00000000
6228.34104  1.00000000
6228.47856  1.00000000
6228.61608  1.00000000
6228.75359  1.00000000
6228.89111  1.00000000
6229.02863  1.00000000
6229.16615  1.00000000
6229.30366  1.00000000
6229.44118  1.00000000
6229.57870  1.00000000
6229.71621  1.00000000
6229.85373  1.00000000
6229.99125  1.00000000
6230.12877  1.00000000
6230.26628  1.00000000
6230.40380  1.00000000
6230.54132  1.00000000
6230.67883  1.00000000
6230.81635  1.00000000
6230.95387  1.00000000
6231.09139  1.00000000
6231.22890  1.00000000
6231.36642  1.00000000
6231.50394  1.00000000
6231.64146  1.00000000
6231.77897  1.00000000
6231.91649  1.00000000
6232.05401  1.00000000
6232.19152  1.00000000
6232.32904  1.00000000
6232.46656  1.00000000
6232.60408  1.00000000
6232.74159  1.00000000
6232.87911  1.00000000
6233.01663  1.00000000
6233.15414  1.00000000
6233.29166  1.00000000
6233.42918  1.00000000
6233.56670  1.00000000
6233.70421  1.00000000
6233.84173  1.00000000
6233.97925  1.00000000
6234.11676  1.00000000
6234.25428  1.00000000
6234.39180  1.00000000
6234.52932  1.00000000
6234.66683  1.00000000
6234.80435  1.00000000
6234.94187  1.00000000
6235.07938  1.00000000
6235.21690  1.00000000
6235.35442  1.00000000
6235.49194  1.00000000
6235.62945  1.00000000
6235.76697  1.00000000
6235.90449  1.00000000
6236.04201  1.00000000
6236.17952  1.00000000
6236.31704  1.00000000
6236.45456  1.00000000
6236.59207  1.00000000
6236.72959  1.00000000
6236.86711  1.00000000
6237.00463  1.00000000
6237.14214  1.00000000
6237.27966  1.00000000
6237.41718  1.00000000
6237.55469  1.00000000
6237.69221  1.00000000
6237.82973  1.00000000
6237.96725  1.00000000
6238.10476  1.00000000
6238.24228  1.00000000
6238.37980  1.00000000
6238.51731  1.00000000
6238.65483  1.00000000
6238.79235  1.00000000
6238.92987  1.00000000
6239.06738  1.00000000
6239.20490  1.00000000
6239.34242  1.00000000
6239.47993  1.00000000
6239.61745  1.00000000
6239.75497  1.00000000
6239.89249  1.00000000
6240.03000  1.00000000
6240.16752  1.00000000
6240.30504  1.00000000
6240.44256  1.00000000
6240.58007  1.00000000
6240.71759  1.00000000
6240.85511  1.00000000
6240.99262  1.00000000
6241.13014  1.00000000
6241.26766  1.00000000
6241.40518  1.00000000
6241.54269  1.00000000
6241.68021  1.00000000
6241.81773  1.00000000
6241.95524  1.00000000
6242.09276  1.00000000
6242.23028  1.00000000
6242.36780  1.00000000
6242.50531  1.00000000
6242.64283  1.00000000
6242.78035  1.00000000
6242.91786  1.00000000
6243.05538  1.00000000
6243.19290  1.00000000
6243.33042  1.00000000
6243.46793  1.00000000
6243.60545  1.00000000
6243.74297  1.00000000
6243.88049  1.00000000
6244.01800  1.00000000
6244.15552  1.00000000
6244.29304  1.00000000
6244.43055  1.00000000
6244.56807  1.00000000
6244.70559  1.00000000
6244.84311  1.00000000
6244.98062  1.00000000
6245.11814  1.00000000
6245.25566  1.00000000
6245.39317  1.00000000
6245.53069  1.00000000
6245.66821  1.00000000
6245.80573  1.00000000
6245.94324  1.00000000
6246.08076  1.00000000
6246.21828  1.00000000
6246.35579  1.00000000
6246.49331  1.00000000
6246.63083  1.00000000
6246.76835  1.00000000
6246.90586  1.00000000
6247.04338  1.00000000
6247.18090  1.00000000
6247.31841  1.00000000
6247.45593  1.00000000
6247.59345  1.00000000
6247.73097  1.00000000
6247.86848  1.00000000
6248.00600  1.00000000
6248.14352  1.00000000
6248.28104  1.00000000
6248.41855  1.00000000
6248.55607  1.00000000
6248.69359  1.00000000
6248.83110  1.00000000
6248.96862  1.00000000
6249.10614  1.00000000
6249.24366  1.00000000
6249.38117  1.00000000
6249.51869  1.00000000
6249.65621  1.00000000
6249.79372  1.00000000
6249.93124  1.00000000
6250.06876  1.00000000
6250.20628  1.00000000
6250.34379  1.00000000
6250.48131  1.00000000
6250.61883  1.00000000
6250.75634  1.00000000
6250.89386  1.00000000
6251.03138  1.00000000
6251.16890  1.00000000
6251.30641  1.00000000
6251.44393  1.00000000
6251.58145  1.00000000
6251.71896  1.00000000
6251.85648  1.00000000
6251.99400  1.00000000
6252.13152  1.00000000
6252.26903  1.00000000
6252.40655  1.00000000
6252.54407  1.00000000
6252.68159  1.00000000
6252.81910  1.00000000
6252.95662  1.00000000
6253.09414  1.00000000
6253.23165  1.00000000
6253.36917  1.00000000
6253.50669  1.00000000
6253.64421  1.00000000
6253.78172  1.00000000
6253.91924  1.00000000
6254.05676  1.00000000
6254.19427  1.00000000
6254.33179  1.00000000
6254.46931  1.00000000
6254.60683  1.00000000
6254.74434  1.00000000
6254.88186  1.00000000
6255.01938  1.00000000
6255.15689  1.00000000
6255.29441  1.00000000
6255.43193  1.00000000
6255.56945  1.00000000
6255.70696  1.00000000
6255.84448  1.00000000
6255.98200  1.00000000
6256.11951  1.00000000
6256.25703  1.00000000
6256.39455  1.00000000
6256.53207  1.00000000
6256.66958  1.00000000
6256.80710  1.00000000
6256.94462  1.00000000
6257.08214  1.00000000
6257.21965  1.00000000
6257.35717  1.00000000
6257.49469  1.00000000
6257.63220  1.00000000
6257.76972  1.00000000
6257.90724  1.00000000
6258.04476  1.00000000
6258.18227  1.00000000
6258.31979  1.00000000
6258.45731  1.00000000
6258.59482  1.00000000
6258.73234  1.00000000
6258.86986  1.00000000
6259.00738  1.00000000
6259.14489  1.00000000
6259.28241  1.00000000
6259.41993  1.00000000
6259.55744  1.00000000
6259.69496  1.00000000
6259.83248  1.00000000
6259.97000  1.00000000
6260.10751  1.00000000
6260.24503  1.00000000
6260.38255  1.00000000
6260.52007  1.00000000
6260.65758  1.00000000
6260.79510  1.00000000
6260.93262  1.00000000
6261.07013  1.00000000
6261.20765  1.00000000
6261.34517  1.00000000
6261.48269  1.00000000
6261.62020  1.00000000
6261.75772  1.00000000
6261.89524  1.00000000
6262.03275  1.00000000
6262.17027  1.00000000
6262.30779  1.00000000
6262.44531  1.00000000
6262.58282  1.00000000
6262.72034  1.00000000
6262.85786  1.00000000
6262.99537  1.00000000
6263.13289  1.00000000
6263.27041  1.00000000
6263.40793  1.00000000
6263.54544  1.00000000
6263.68296  1.00000000
6263.82048  1.00000000
6263.95799  1.00000000
6264.09551  1.00000000
6264.23303  1.00000000
6264.37055  1.00000000
6264.50806  1.00000000
6264.64558  1.00000000
6264.78310  1.00000000
6264.92062  1.00000000
6265.05813  1.00000000
6265.19565  1.00000000
6265.33317  1.00000000
6265.47068  1.00000000
6265.60820  1.00000000
6265.74572  1.00000000
6265.88324  1.00000000
6266.02075  1.00000000
6266.15827  1.00000000
6266.29579  1.00000000
6266.43330  1.00000000
6266.57082  1.00000000
6266.70834  1.00000000
6266.84586  1.00000000
6266.98337  1.00000000
6267.12089  1.00000000
6267.25841  1.00000000
6267.39592  1.00000000
6267.53344  1.00000000
6267.67096  1.00000000
6267.80848  1.00000000
6267.94599  1.00000000
6268.08351  1.00000000
6268.22103  1.00000000
6268.35854  1.00000000
6268.49606  1.00000000
6268.63358  1.00000000
6268.77110  1.00000000
6268.90861  1.00000000
6269.04613  1.00000000
6269.18365  1.00000000
6269.32117  1.00000000
6269.45868  1.00000000
6269.59620  1.00000000
6269.73372  1.00000000
6269.87123  1.00000000
6270.00875  1.00000000
6270.14627  1.00000000
6270.28379  1.00000000
6270.42130  1.00000000
6270.55882  1.00000000
6270.69634  1.00000000
6270.83385  1.00000000
6270.97137  1.00000000
6271.10889  1.00000000
6271.24641  1.00000000
6271.38392  1.00000000
6271.52144  1.00000000
6271.65896  1.00000000
6271.79647  1.00000000
6271.93399  1.00000000
6272.07151  1.00000000
6272.20903  1.00000000
6272.34654  1.00000000
6272.48406  1.00000000
6272.62158  1.00000000
6272.75909  1.00000000
6272.89661  1.00000000
6273.03413  1.00000000
6273.17165  1.00000000
6273.30916  1.00000000
6273.44668  1.00000000
6273.58420  1.00000000
6273.72172  1.00000000
6273.85923  1.00000000
6273.99675  1.00000000
6274.13427  1.00000000
6274.27178  1.00000000
6274.40930  1.00000000
6274.54682  1.00000000
6274.68434  1.00000000
6274.82185  1.00000000
6274.95937  1.00000000
6275.09689  1.00000000
6275.23440  1.00000000
6275.37192  1.00000000
6275.50944  1.00000000
6275.64696  1.00000000
6275.78447  1.00000000
6275.92199  1.00000000
6276.05951  1.00000000
6276.19702  1.00000000
6276.33454  1.00000000
6276.47206  1.00000000
6276.60958  1.00000000
6276.74709  1.00000000
6276.88461  1.00000000
6277.02213  1.00000000
6277.15964  1.00000000
6277.29716  1.00000000
6277.43468  1.00000000
6277.57220  1.00000000
6277.70971  1.00000000
6277.84723  1.00000000
6277.98475  1.00000000
6278.12227  1.00000000
6278.25978  1.00000000
6278.39730  1.00000000
6278.53482  1.00000000
6278.67233  1.00000000
6278.80985  1.00000000
6278.94737  1.00000000
6279.08489  1.00000000
6279.22240  1.00000000
6279.35992  1.00000000
6279.49744  1.00000000
6279.63495  1.00000000
6279.77247  1.00000000
6279.90999  1.00000000
6280.04751  1.00000000
6280.18502  1.00000000
6280.32254  1.00000000
6280.46006  1.00000000
6280.59757  1.00000000
6280.73509  1.00000000
6280.87261  1.00000000
6281.01013  1.00000000
6281.14764  1.00000000
6281.28516  1.00000000
6281.42268  1.00000000
6281.56020  1.00000000
6281.69771  1.00000000
6281.83523  1.00000000
6281.97275  1.00000000
6282.11026  1.00000000
6282.24778  1.00000000
6282.38530  1.00000000
6282.52282  1.00000000
6282.66033  1.00000000
6282.79785  1.00000000
6282.93537  1.00000000
6283.07288  1.00000000
6283.21040  1.00000000
6283.34792  1.00000000
6283.48544  1.00000000
6283.62295  1.00000000
6283.76047  1.00000000
6283.89799  1.00000000
6284.03550  1.00000000
6284.17302  1.00000000
6284.31054  1.00000000
6284.44806  1.00000000
6284.58557  1.00000000
6284.72309  1.00000000
6284.86061  1.00000000
6284.99812  1.00000000
6285.13564  1.00000000
6285.27316  1.00000000
6285.41068  1.00000000
6285.54819  1.00000000
6285.68571  1.00000000
6285.82323  1.00000000
6285.96075  1.00000000
6286.09826  1.00000000
6286.23578  1.00000000
6286.37330  1.00000000
6286.51081  1.00000000
6286.64833  1.00000000
6286.78585  1.00000000
6286.92337  1.00000000
6287.06088  1.00000000
6287.19840  1.00000000
6287.33592  1.00000000
6287.47343  1.00000000
6287.61095  1.00000000
6287.74847  1.00000000
6287.88599  1.00000000
6288.02350  1.00000000
6288.16102  1.00000000
6288.29854  1.00000000
6288.43605  1.00000000
6288.57357  1.00000000
6288.71109  1.00000000
6288.84861  1.00000000
6288.98612  1.00000000
6289.12364  1.00000000
6289.26116  1.00000000
6289.39867  1.00000000
6289.53619  1.00000000
6289.67371  1.00000000
6289.81123  1.00000000
6289.94874  1.00000000
6290.08626  1.00000000
6290.22378  1.00000000
6290.36130  1.00000000
6290.49881  1.00000000
6290.63633  1.00000000
6290.77385  1.00000000
6290.91136  1.00000000
6291.04888  1.00000000
6291.18640  1.00000000
6291.32392  1.00000000
6291.46143  1.00000000
6291.59895  1.00000000
6291.73647  1.00000000
6291.87398  1.00000000
6292.01150  1.00000000
6292.14902  1.00000000
6292.28654  1.00000000
6292.42405  1.00000000
6292.56157  1.00000000
6292.69909  1.00000000
6292.83660  1.00000000
6292.97412  1.00000000
6293.11164  1.00000000
6293.24916  1.00000000
6293.38667  1.00000000
6293.52419  1.00000000
6293.66171  1.00000000
6293.79922  1.00000000
6293.93674  1.00000000
6294.07426  1.00000000
6294.21178  1.00000000
6294.34929  1.00000000
6294.48681  1.00000000
6294.62433  1.00000000
6294.76185  1.00000000
6294.89936  1.00000000
6295.03688  1.00000000
6295.17440  1.00000000
6295.31191  1.00000000
6295.44943  1.00000000
6295.58695  1.00000000
6295.72447  1.00000000
6295.86198  1.00000000
6295.99950  1.00000000
6296.13702  1.00000000
6296.27453  1.00000000
6296.41205  1.00000000
6296.54957  1.00000000
6296.68709  1.00000000
6296.82460  1.00000000
6296.96212  1.00000000
6297.09964  1.00000000
6297.23715  1.00000000
6297.37467  1.00000000
6297.51219  1.00000000
6297.64971  1.00000000
6297.78722  1.00000000
6297.92474  1.00000000
6298.06226  1.00000000
6298.19977  1.00000000
6298.33729  1.00000000
6298.47481  1.00000000
6298.61233  1.00000000
6298.74984  1.00000000
6298.88736  1.00000000
6299.02488  1.00000000
6299.16240  1.00000000
6299.29991  1.00000000
6299.43743  1.00000000
6299.57495  1.00000000
6299.71246  1.00000000
6299.84998  1.00000000
6299.98750  1.00000000
6300.12502  1.00000000
6300.26253  1.00000000
6300.40005  1.00000000
6300.53757  1.00000000
6300.67508  1.00000000
6300.81260  0.99999998
6300.95012  0.99999976
6301.08764  0.99999769
6301.22515  0.99998202
6301.36267  0.99988646
6301.50019  0.99941890
6301.63770  0.99758962
6301.77522  0.99189660
6301.91274  0.97792025
6302.05026  0.95123971
6302.18777  0.91272625
6302.32529  0.87339638
6302.46281  0.85114830
6302.60033  0.85815740
6302.73784  0.89045193
6302.87536  0.93142781
6303.01288  0.96521144
6303.15039  0.98569559
6303.28791  0.99523296
6303.42543  0.99871242
6303.56295  0.99971813
6303.70046  0.99994999
6303.83798  0.99999281
6303.97550  0.99999916
6304.11301  0.99999992
6304.25053  0.99999999
6304.38805  1.00000000
6304.52557  1.00000000
6304.66308  1.00000000
6304.80060  1.00000000
6304.93812  1.00000000
6305.07563  1.00000000
6305.21315  1.00000000
6305.35067  1.00000000
6305.48819  1.00000000
6305.62570  1.00000000
6305.76322  1.00000000
6305.90074  1.00000000
6306.03825  1.00000000
6306.17577  1.00000000
6306.31329  1.00000000
6306.45081  1.00000000
6306.58832  1.00000000
6306.72584  1.00000000
6306.86336  1.00000000
6307.00088  1.00000000
6307.13839  1.00000000
6307.27591  1.00000000
6307.41343  1.00000000
6307.55094  1.00000000
6307.68846  1.00000000
6307.82598  1.00000000
6307.96350  1.00000000
6308.10101  1.00000000
6308.23853  1.00000000
6308.37605  1.00000000
6308.51356  1.00000000
6308.65108  1.00000000
6308.78860  1.00000000
6308.92612  1.00000000
6309.06363  1.00000000
6309.20115  1.00000000
6309.33867  1.00000000
6309.47618  1.00000000
6309.61370  1.00000000
6309.75122  1.00000000
6309.88874  1.00000000
6310.02625  1.00000000
6310.16377  1.00000000
6310.30129  1.00000000
6310.43880  1.00000000
6310.57632  1.00000000
6310.71384  1.00000000
6310.85136  1.00000000
6310.98887  1.00000000
6311.12639  1.00000000
6311.26391  1.00000000
6311.40143  1.00000000
6311.53894  1.00000000
6311.67646  1.00000000
6311.81398  1.00000000
6311.95149  1.00000000
6312.08901  1.00000000
6312.22653  1.00000000
6312.36405  1.00000000
6312.50156  1.00000000
6312.63908  1.00000000
6312.77660  1.00000000
6312.91411  1.00000000
6313.05163  1.00000000
6313.18915  1.00000000
6313.32667  1.00000000
6313.46418  1.00000000
6313.60170  1.00000000
6313.73922  1.00000000
6313.87673  1.00000000
6314.01425  1.00000000
6314.15177  1.00000000
6314.28929  1.00000000
6314.42680  1.00000000
6314.56432  1.00000000
6314.70184  1.00000000
6314.83935  1.00000000
6314.97687  1.00000000
6315.11439  1.00000000
6315.25191  1.00000000
6315.38942  1.00000000
6315.52694  1.00000000
6315.66446  1.00000000
6315.80198  1.00000000
6315.93949  1.00000000
6316.07701  1.00000000
6316.21453  1.00000000
6316.35204  1.00000000
6316.48956  1.00000000
6316.62708  1.00000000
6316.76460  1.00000000
6316.90211  1.00000000
6317.03963  1.00000000
6317.17715  1.00000000
6317.31466  1.00000000
6317.45218  1.00000000
6317.58970  1.00000000
6317.72722  1.00000000
6317.86473  1.00000000
6318.00225  1.00000000
6318.13977  1.00000000
6318.27728  1.00000000
6318.41480  1.00000000
6318.55232  1.00000000
6318.68984  1.00000000
6318.82735  1.00000000
6318.96487  1.00000000
6319.10239  1.00000000
6319.23990  1.00000000
6319.37742  1.00000000
6319.51494  1.00000000
6319.65246  1.00000000
6319.78997  1.00000000
6319.92749  1.00000000
6320.06501  1.00000000
6320.20253  1.00000000
6320.34004  1.00000000
6320.47756  1.00000000
6320.61508  1.00000000
6320.75259  1.00000000
6320.89011  1.00000000
6321.02763  1.00000000
6321.16515  1.00000000
6321.30266  1.00000000
6321.44018  1.00000000
6321.57770  1.00000000
6321.71521  1.00000000
6321.85273  1.00000000
6321.99025  1.00000000
6322.12777  1.00000000
6322.26528  1.00000000
6322.40280  1.00000000
6322.54032  1.00000000
6322.67783  1.00000000
6322.81535  1.00000000
6322.95287  1.00000000
6323.09039  1.00000000
6323.22790  1.00000000
6323.36542  1.00000000
6323.50294  1.00000000
6323.64046  1.00000000
6323.77797  1.00000000
6323.91549  1.00000000
6324.05301  1.00000000
6324.19052  1.00000000
6324.32804  1.00000000
6324.46556  1.00000000
6324.60308  1.00000000
6324.74059  1.00000000
6324.87811  1.00000000
6325.01563  1.00000000
6325.15314  1.00000000
6325.29066  1.00000000
6325.42818  1.00000000
6325.56570  1.00000000
6325.70321  1.00000000
6325.84073  1.00000000
6325.97825  1.00000000
6326.11576  1.00000000
6326.25328  1.00000000
6326.39080  1.00000000
6326.52832  1.00000000
6326.66583  1.00000000
6326.80335  1.00000000
6326.94087  1.00000000
6327.07838  1.00000000
6327.21590  1.00000000
6327.35342  1.00000000
6327.49094  1.00000000
6327.62845  1.00000000
6327.76597  1.00000000
6327.90349  1.00000000
6328.04101  1.00000000
6328.17852  1.00000000
6328.31604  1.00000000
6328.45356  1.00000000
6328.59107  1.00000000
6328.72859  1.00000000
6328.86611  1.00000000
6329.00363  1.00000000
6329.14114  1.00000000
6329.27866  1.00000000
6329.41618  1.00000000
6329.55369  1.00000000
6329.69121  1.00000000
6329.82873  1.00000000
6329.96625  1.00000000
6330.10376  1.00000000
6330.24128  1.00000000
6330.37880  1.00000000
6330.51631  1.00000000
6330.65383  1.00000000
6330.79135  1.00000000
6330.92887  1.00000000
6331.06638  1.00000000
6331.20390  1.00000000
6331.34142  1.00000000
6331.47893  1.00000000
6331.61645  1.00000000
6331.75397  1.00000000
6331.89149  1.00000000
6332.02900  1.00000000
6332.16652  1.00000000
6332.30404  1.00000000
6332.44156  1.00000000
6332.57907  1.00000000
6332.71659  1.00000000
6332.85411  1.00000000
6332.99162  1.00000000
6333.12914  1.00000000
6333.26666  1.00000000
6333.40418  1.00000000
6333.54169  1.00000000
6333.67921  1.00000000
6333.81673  1.00000000
6333.95424  1.00000000
6334.09176  1.00000000
6334.22928  1.00000000
6334.36680  1.00000000
6334.50431  1.00000000
6334.64183  1.00000000
6334.77935  1.00000000
6334.91686  1.00000000
6335.05438  1.00000000
6335.19190  1.00000000
6335.32942  1.00000000
6335.46693  1.00000000
6335.60445  1.00000000
6335.74197  1.00000000
6335.87948  1.00000000
6336.01700  1.00000000
6336.15452  1.00000000
6336.29204  1.00000000
6336.42955  1.00000000
6336.56707  1.00000000
6336.70459  1.00000000
6336.84211  1.00000000
6336.97962  1.00000000
6337.11714  1.00000000
6337.25466  1.00000000
6337.39217  1.00000000
6337.52969  1.00000000
6337.66721  1.00000000
6337.80473  1.00000000
6337.94224  1.00000000
6338.07976  1.00000000
6338.21728  1.00000000
6338.35479  1.00000000
6338.49231  1.00000000
6338.62983  1.00000000
6338.76735  1.00000000
6338.90486  1.00000000
6339.04238  1.00000000
6339.17990  1.00000000
6339.31741  1.00000000
6339.45493  1.00000000
6339.59245  1.00000000
6339.72997  1.00000000
6339.86748  1.00000000
6340.00500  1.00000000
6340.14252  1.00000000
6340.28004  1.00000000
6340.41755  1.00000000
6340.55507  1.00000000
6340.69259  1.00000000
6340.83010  1.00000000
6340.96762  1.00000000
6341.10514  1.00000000
6341.24266  1.00000000
6341.38017  1.00000000
6341.51769  1.00000000
6341.65521  1.00000000
6341.79272  1.00000000
6341.93024  1.00000000
6342.06776  1.00000000
6342.20528  1.00000000
6342.34279  1.00000000
6342.48031  1.00000000
6342.61783  1.00000000
6342.75534  1.00000000
6342.89286  1.00000000
6343.03038  1.00000000
6343.16790  1.00000000
6343.30541  1.00000000
6343.44293  1.00000000
6343.58045  1.00000000
6343.71796  1.00000000
6343.85548  1.00000000
6343.99300  1.00000000
6344.13052  1.00000000
6344.26803  1.00000000
6344.40555  1.00000000
6344.54307  1.00000000
6344.68059  1.00000000
6344.81810  1.00000000
6344.95562  1.00000000
6345.09314  1.00000000
6345.23065  1.00000000
6345.36817  1.00000000
6345.50569  1.00000000
6345.64321  1.00000000
6345.78072  1.00000000
6345.91824  1.00000000
6346.05576  1.00000000
6346.19327  1.00000000
6346.33079  1.00000000
6346.46831  1.00000000
6346.60583  1.00000000
6346.74334  1.00000000
6346.88086  1.00000000
6347.01838  1.00000000
6347.15589  1.00000000
6347.29341  1.00000000
6347.43093  1.00000000
6347.56845  1.00000000
6347.70596  1.00000000
6347.84348  1.00000000
6347.98100  1.00000000
6348.11851  1.00000000
6348.25603  1.00000000
6348.39355  1.00000000
6348.53107  1.00000000
6348.66858  1.00000000
6348.80610  1.00000000
6348.94362  1.00000000
6349.08114  1.00000000
6349.21865  1.00000000
6349.35617  1.00000000
6349.49369  1.00000000
6349.63120  1.00000000
6349.76872  1.00000000
6349.90624  1.00000000
6350.04376  1.00000000
6350.18127  1.00000000
6350.31879  1.00000000
6350.45631  1.00000000
6350.59382  1.00000000
6350.73134  1.00000000
6350.86886  1.00000000
6351.00638  1.00000000
6351.14389  1.00000000
6351.28141  1.00000000
6351.41893  1.00000000
6351.55644  1.00000000
6351.69396  1.00000000
6351.83148  1.00000000
6351.96900  1.00000000
6352.10651  1.00000000
6352.24403  1.00000000
6352.38155  1.00000000
6352.51906  1.00000000
6352.65658  1.00000000
6352.79410  1.00000000
6352.93162  1.00000000
6353.06913  1.00000000
6353.20665  1.00000000
6353.34417  1.00000000
6353.48169  1.00000000
6353.61920  1.00000000
6353.75672  1.00000000
6353.89424  1.00000000
6354.03175  1.00000000
6354.16927  1.00000000
6354.30679  1.00000000
6354.44431  1.00000000
6354.58182  1.00000000
6354.71934  1.00000000
6354.85686  1.00000000
6354.99437  1.00000000
6355.13189  1.00000000
6355.26941  1.00000000
6355.40693  1.00000000
6355.54444  1.00000000
6355.68196  1.00000000
6355.81948  1.00000000
6355.95699  1.00000000
6356.09451  1.00000000
6356.23203  1.00000000
6356.36955  1.00000000
6356.50706  1.00000000
6356.64458  1.00000000
6356.78210  1.00000000
6356.91961  1.00000000
6357.05713  1.00000000
6357.19465  1.00000000
6357.33217  1.00000000
6357.46968  1.00000000
6357.60720  1.00000000
6357.74472  1.00000000
6357.88224  1.00000000
6358.01975  1.00000000
6358.15727  1.00000000
6358.29479  1.00000000
6358.43230  1.00000000
6358.56982  1.00000000
6358.70734  1.00000000
6358.84486  1.00000000
6358.98237  1.00000000
6359.11989  1.00000000
6359.25741  1.00000000
6359.39492  1.00000000
6359.53244  1.00000000
6359.66996  1.00000000
6359.80748  1.00000000
6359.94499  1.00000000
6360.08251  1.00000000
6360.22003  1.00000000
6360.35754  1.00000000
6360.49506  1.00000000
6360.63258  1.00000000
6360.77010  1.00000000
6360.90761  1.00000000
6361.04513  1.00000000
6361.18265  1.00000000
6361.32017  1.00000000
6361.45768  1.00000000
6361.59520  1.00000000
6361.73272  1.00000000
6361.87023  1.00000000
6362.00775  1.00000000
6362.14527  1.00000000
6362.28279  1.00000000
6362.42030  1.00000000
6362.55782  1.00000000
6362.69534  1.00000000
6362.83285  1.00000000
6362.97037  1.00000000
6363.10789  1.00000000
6363.24541  1.00000000
6363.38292  1.00000000
6363.52044  1.00000000
6363.65796  1.00000000
6363.79547  1.00000000
6363.93299  1.00000000
6364.07051  1.00000000
6364.20803  1.00000000
6364.34554  1.00000000
6364.48306  1.00000000
6364.62058  1.00000000
6364.75809  1.00000000
6364.89561  1.00000000
6365.03313  1.00000000
6365.17065  1.00000000
6365.30816  1.00000000
6365.44568  1.00000000
6365.58320  1.00000000
6365.72072  1.00000000
6365.85823  1.00000000
6365.99575  1.00000000
6366.13327  1.00000000
6366.27078  1.00000000
6366.40830  1.00000000
6366.54582  1.00000000
6366.68334  1.00000000
6366.82085  1.00000000
6366.95837  1.00000000
6367.09589  1.00000000
6367.23340  1.00000000
6367.37092  1.00000000
6367.50844  1.00000000
6367.64596  1.00000000
6367.78347  1.00000000
6367.92099  1.00000000
6368.05851  1.00000000
6368.19602  1.00000000
6368.33354  1.00000000
6368.47106  1.00000000
6368.60858  1.00000000
6368.74609  1.00000000
6368.88361  1.00000000
6369.02113  1.00000000
6369.15864  1.00000000
6369.29616  1.00000000
6369.43368  1.00000000
6369.57120  1.00000000
6369.70871  1.00000000
6369.84623  1.00000000
6369.98375  1.00000000
6370.12127  1.00000000
6370.25878  1.00000000
6370.39630  1.00000000
6370.53382  1.00000000
6370.67133  1.00000000
6370.80885  1.00000000
6370.94637  1.00000000
6371.08389  1.00000000
6371.22140  1.00000000
6371.35892  1.00000000
6371.49644  1.00000000
6371.63395  1.00000000
6371.77147  1.00000000
6371.90899  1.00000000
6372.04651  1.00000000
6372.18402  1.00000000
6372.32154  1.00000000
6372.45906  1.00000000
6372.59657  1.00000000
6372.73409  1.00000000
6372.87161  1.00000000
6373.00913  1.00000000
6373.14664  1.00000000
6373.28416  1.00000000
6373.42168  1.00000000
6373.55919  1.00000000
6373.69671  1.00000000
6373.83423  1.00000000
6373.97175  1.00000000
6374.10926  1.00000000
6374.24678  1.00000000
6374.38430  1.00000000
6374.52182  1.00000000
6374.65933  1.00000000
6374.79685  1.00000000
6374.93437  1.00000000
6375.07188  1.00000000
6375.20940  1.00000000
6375.34692  1.00000000
6375.48444  1.00000000
6375.62195  1.00000000
6375.75947  1.00000000
6375.89699  1.00000000
6376.03450  1.00000000
6376.17202  1.00000000
6376.30954  1.00000000
6376.44706  1.00000000
6376.58457  1.00000000
6376.72209  1.00000000
6376.85961  1.00000000
6376.99712  1.00000000
6377.13464  1.00000000
6377.27216  1.00000000
6377.40968  1.00000000
6377.54719  1.00000000
6377.68471  1.00000000
6377.82223  1.00000000
6377.95974  1.00000000
6378.09726  1.00000000
6378.23478  1.00000000
6378.37230  1.00000000
6378.50981  1.00000000
6378.64733  1.00000000
6378.78485  1.00000000
6378.92237  1.00000000
6379.05988  1.00000000
6379.19740  1.00000000
6379.33492  1.00000000
6379.47243  1.00000000
6379.60995  1.00000000
6379.74747  1.00000000
6379.88499  1.00000000
6380.02250  1.00000000
6380.16002  1.00000000
6380.29754  1.00000000
6380.43505  1.00000000
6380.57257  1.00000000
6380.71009  1.00000000
6380.84761  1.00000000
6380.98512  1.00000000
6381.12264  1.00000000
6381.26016  1.00000000
6381.39767  1.00000000
6381.53519  1.00000000
6381.67271  1.00000000
6381.81023  1.00000000
6381.94774  1.00000000
6382.08526  1.00000000
6382.22278  1.00000000
6382.36030  1.00000000
6382.49781  1.00000000
6382.63533  1.00000000
6382.77285  1.00000000
6382.91036  1.00000000
6383.04788  1.00000000
6383.18540  1.00000000
6383.32292  1.00000000
6383.46043  1.00000000
6383.59795  1.00000000
6383.73547  1.00000000
6383.87298  1.00000000
6384.01050  1.00000000
6384.14802  1.00000000
6384.28554  1.00000000
6384.42305  1.00000000
6384.56057  1.00000000
6384.69809  1.00000000
6384.83560  1.00000000
6384.97312  1.00000000
6385.11064  1.00000000
6385.24816  1.00000000
6385.38567  1.00000000
6385.52319  1.00000000
6385.66071  1.00000000
6385.79822  1.00000000
6385.93574  1.00000000
6386.07326  1.00000000
6386.21078  1.00000000
6386.34829  1.00000000
6386.48581  1.00000000
6386.62333  1.00000000
6386.76085  1.00000000
6386.89836  1.00000000
6387.03588  1.00000000
6387.17340  1.00000000
6387.31091  1.00000000
6387.44843  1.00000000
6387.58595  1.00000000
6387.72347  1.00000000
6387.86098  1.00000000
6387.99850  1.00000000
6388.13602  1.00000000
6388.27353  1.00000000
6388.41105  1.00000000
6388.54857  1.00000000
6388.68609  1.00000000
6388.82360  1.00000000
6388.96112  1.00000000
6389.09864  1.00000000
6389.23615  1.00000000
6389.37367  1.00000000
6389.51119  1.00000000
6389.64871  1.00000000
6389.78622  1.00000000
6389.92374  1.00000000
6390.06126  1.00000000
6390.19877  1.00000000
6390.33629  1.00000000
6390.47381  1.00000000
6390.61133  1.00000000
6390.74884  1.00000000
6390.88636  1.00000000
6391.02388  1.00000000
6391.16140  1.00000000
6391.29891  1.00000000
6391.43643  1.00000000
6391.57395  1.00000000
6391.71146  1.00000000
6391.84898  1.00000000
6391.98650  1.00000000
6392.12402  1.00000000
6392.26153  1.00000000
6392.39905  1.00000000
6392.53657  1.00000000
6392.67408  1.00000000
6392.81160  1.00000000
6392.94912  1.00000000
6393.08664  1.00000000
6393.22415  1.00000000
6393.36167  1.00000000
6393.49919  1.00000000
6393.63670  1.00000000
6393.77422  1.00000000
6393.91174  1.00000000
6394.04926  1.00000000
6394.18677  1.00000000
6394.32429  1.00000000
6394.46181  1.00000000
6394.59932  1.00000000
6394.73684  1.00000000
6394.87436  1.00000000
6395.01188  1.00000000
6395.14939  1.00000000
6395.28691  1.00000000
6395.42443  1.00000000
6395.56195  1.00000000
6395.69946  1.00000000
6395.83698  1.00000000
6395.97450  1.00000000
6396.11201  1.00000000
6396.24953  1.00000000
6396.38705  1.00000000
6396.52457  1.00000000
6396.66208  1.00000000
6396.79960  1.00000000
6396.93712  1.00000000
6397.07463  1.00000000
6397.21215  1.00000000
6397.34967  1.00000000
6397.48719  1.00000000
6397.62470  1.00000000
6397.76222  1.00000000
6397.89974  1.00000000
6398.03725  1.00000000
6398.17477  1.00000000
6398.31229  1.00000000
6398.44981  1.00000000
6398.58732  1.00000000
6398.72484  1.00000000
6398.86236  1.00000000
6398.99987  1.00000000
6399.13739  1.00000000
6399.27491  1.00000000
6399.41243  1.00000000
6399.54994  1.00000000
6399.68746  1.00000000
6399.82498  1.00000000
6399.96250  1.00000000
6400.10001  1.00000000
6400.23753  1.00000000
6400.37505  1.00000000
6400.51256  1.00000000
6400.65008  1.00000000
6400.78760  1.00000000
6400.92512  1.00000000
6401.06263  1.00000000
6401.20015  1.00000000
6401.33767  1.00000000
6401.47518  1.00000000
6401.61270  1.00000000
6401.75022  1.00000000
6401.88774  1.00000000
6402.02525  1.00000000
6402.16277  1.00000000
6402.30029  1.00000000
6402.43780  1.00000000
6402.57532  1.00000000
6402.71284  1.00000000
6402.85036  1.00000000
6402.98787  1.00000000
6403.12539  1.00000000
6403.26291  1.00000000
6403.40043  1.00000000
6403.53794  1.00000000
6403.67546  1.00000000
6403.81298  1.00000000
6403.95049  1.00000000
6404.08801  1.00000000
6404.22553  1.00000000
6404.36305  1.00000000
6404.50056  1.00000000
6404.63808  1.00000000
6404.77560  1.00000000
6404.91311  1.00000000
6405.05063  1.00000000
6405.18815  1.00000000
6405.32567  1.00000000
6405.46318  1.00000000
6405.60070  1.00000000
6405.73822  1.00000000
6405.87573  1.00000000
6406.01325  1.00000000
6406.15077  1.00000000
6406.28829  1.00000000
6406.42580  1.00000000
6406.56332  1.00000000
6406.70084  1.00000000
6406.83835  1.00000000
6406.97587  1.00000000
6407.11339  1.00000000
6407.25091  1.00000000
6407.38842  1.00000000
6407.52594  1.00000000
6407.66346  1.00000000
6407.80098  1.00000000
6407.93849  1.00000000
6408.07601  1.00000000
6408.21353  1.00000000
6408.35104  1.00000000
6408.48856  1.00000000
6408.62608  1.00000000
6408.76360  1.00000000
6408.90111  1.00000000
6409.03863  1.00000000
6409.17615  1.00000000
6409.31366  1.00000000
6409.45118  1.00000000
6409.58870  1.00000000
6409.72622  1.00000000
6409.86373  1.00000000
6410.00125  1.00000000
6410.13877  1.00000000
6410.27628  1.00000000
6410.41380  1.00000000
6410.55132  1.00000000
6410.68884  1.00000000
6410.82635  1.00000000
6410.96387  1.00000000
6411.10139  1.00000000
6411.23890  1.00000000
6411.37642  1.00000000
6411.51394  1.00000000
6411.65146  1.00000000
6411.78897  1.00000000
6411.92649  1.00000000
6412.06401  1.00000000
6412.20153  1.00000000
6412.33904  1.00000000
6412.47656  1.00000000
6412.61408  1.00000000
6412.75159  1.00000000
6412.88911  1.00000000
6413.02663  1.00000000
6413.16415  1.00000000
6413.30166  1.00000000
6413.43918  1.00000000
6413.57670  1.00000000
6413.71421  1.00000000
6413.85173  1.00000000
6413.98925  1.00000000
6414.12677  1.00000000
6414.26428  1.00000000
6414.40180  1.00000000
6414.53932  1.00000000
6414.67683  1.00000000
6414.81435  1.00000000
6414.95187  1.00000000
6415.08939  1.00000000
6415.22690  1.00000000
6415.36442  1.00000000
6415.50194  1.00000000
6415.63945  1.00000000
6415.77697  1.00000000
6415.91449  1.00000000
6416.05201  1.00000000
6416.18952  1.00000000
6416.32704  1.00000000
6416.46456  1.00000000
6416.60208  1.00000000
6416.73959  1.00000000
6416.87711  1.00000000
6417.01463  1.00000000
6417.15214  1.00000000
6417.28966  1.00000000
6417.42718  1.00000000
6417.56470  1.00000000
6417.70221  1.00000000
6417.83973  1.00000000
6417.97725  1.00000000
6418.11476  1.00000000
6418.25228  1.00000000
6418.38980  1.00000000
6418.52732  1.00000000
6418.66483  1.00000000
6418.80235  1.00000000
6418.93987  1.00000000
6419.07738  1.00000000
6419.21490  1.00000000
6419.35242  1.00000000
6419.48994  1.00000000
6419.62745  1.00000000
6419.76497  1.00000000
6419.90249  1.00000000
6420.04001  1.00000000
6420.17752  1.00000000
6420.31504  1.00000000
6420.45256  1.00000000
6420.59007  1.00000000
6420.72759  1.00000000
6420.86511  1.00000000
6421.00263  1.00000000
6421.14014  1.00000000
6421.27766  1.00000000
6421.41518  1.00000000
6421.55269  1.00000000
6421.69021  1.00000000
6421.82773  1.00000000
6421.96525  1.00000000
6422.10276  1.00000000
6422.24028  1.00000000
6422.37780  1.00000000
6422.51531  1.00000000
6422.65283  1.00000000
6422.79035  1.00000000
6422.92787  1.00000000
6423.06538  1.00000000
6423.20290  1.00000000
6423.34042  1.00000000
6423.47793  1.00000000
6423.61545  1.00000000
6423.75297  1.00000000
6423.89049  1.00000000
6424.02800  1.00000000
6424.16552  1.00000000
6424.30304  1.00000000
6424.44056  1.00000000
6424.57807  1.00000000
6424.71559  1.00000000
6424.85311  1.00000000
6424.99062  1.00000000
6425.12814  1.00000000
6425.26566  1.00000000
6425.40318  1.00000000
6425.54069  1.00000000
6425.67821  1.00000000
6425.81573  1.00000000
6425.95324  1.00000000
6426.09076  1.00000000
6426.22828  1.00000000
6426.36580  1.00000000
6426.50331  1.00000000
6426.64083  1.00000000
6426.77835  1.00000000
6426.91586  1.00000000
6427.05338  1.00000000
6427.19090  1.00000000
6427.32842  1.00000000
6427.46593  1.00000000
6427.60345  1.00000000
6427.74097  1.00000000
6427.87848  1.00000000
6428.01600  1.00000000
6428.15352  1.00000000
6428.29104  1.00000000
6428.42855  1.00000000
6428.56607  1.00000000
6428.70359  1.00000000
6428.84111  1.00000000
6428.97862  1.00000000
6429.11614  1.00000000
6429.25366  1.00000000
6429.39117  1.00000000
6429.52869  1.00000000
6429.66621  1.00000000
6429.80373  1.00000000
6429.94124  1.00000000
6430.07876  1.00000000
6430.21628  1.00000000
6430.35379  1.00000000
6430.49131  1.00000000
6430.62883  1.00000000
6430.76635  1.00000000
6430.90386  1.00000000
6431.04138  1.00000000
6431.17890  1.00000000
6431.31641  1.00000000
6431.45393  1.00000000
6431.59145  1.00000000
6431.72897  1.00000000
6431.86648  1.00000000
6432.00400  1.00000000
6432.14152  1.00000000
6432.27903  1.00000000
6432.41655  1.00000000
6432.55407  1.00000000
6432.69159  1.00000000
6432.82910  1.00000000
6432.96662  1.00000000
6433.10414  1.00000000
6433.24166  1.00000000
6433.37917  1.00000000
6433.51669  1.00000000
6433.65421  1.00000000
6433.79172  1.00000000
6433.92924  1.00000000
6434.06676  1.00000000
6434.20428  1.00000000
6434.34179  1.00000000
6434.47931  1.00000000
6434.61683  1.00000000
6434.75434  1.00000000
6434.89186  1.00000000
6435.02938  1.00000000
6435.16690  1.00000000
6435.30441  1.00000000
6435.44193  1.00000000
6435.57945  1.00000000
6435.71696  1.00000000
6435.85448  1.00000000
6435.99200  1.00000000
6436.12952  1.00000000
6436.26703  1.00000000
6436.40455  1.00000000
6436.54207  1.00000000
6436.67958  1.00000000
6436.81710  1.00000000
6436.95462  1.00000000
6437.09214  1.00000000
6437.22965  1.00000000
6437.36717  1.00000000
6437.50469  1.00000000
6437.64221  1.00000000
6437.77972  1.00000000
6437.91724  1.00000000
6438.05476  1.00000000
6438.19227  1.00000000
6438.32979  1.00000000
6438.46731  1.00000000
6438.60483  1.00000000
6438.74234  1.00000000
6438.87986  1.00000000
6439.01738  1.00000000
6439.15489  1.00000000
6439.29241  1.00000000
6439.42993  1.00000000
6439.56745  1.00000000
6439.70496  1.00000000
6439.84248  1.00000000
6439.98000  1.00000000
6440.11751  1.00000000
6440.25503  1.00000000
6440.39255  1.00000000
6440.53007  1.00000000
6440.66758  1.00000000
6440.80510  1.00000000
6440.94262  1.00000000
6441.08014  1.00000000
6441.21765  1.00000000
6441.35517  1.00000000
6441.49269  1.00000000
6441.63020  1.00000000
6441.76772  1.00000000
6441.90524  1.00000000
6442.04276  1.00000000
6442.18027  1.00000000
6442.31779  1.00000000
6442.45531  1.00000000
6442.59282  1.00000000
6442.73034  1.00000000
6442.86786  1.00000000
6443.00538  1.00000000
6443.14289  1.00000000
6443.28041  1.00000000
6443.41793  1.00000000
6443.55544  1.00000000
6443.69296  1.00000000
6443.83048  1.00000000
6443.96800  1.00000000
6444.10551  1.00000000
6444.24303  1.00000000
6444.38055  1.00000000
6444.51806  1.00000000
6444.65558  1.00000000
6444.79310  1.00000000
6444.93062  1.00000000
6445.06813  1.00000000
6445.20565  1.00000000
6445.34317  1.00000000
6445.48069  1.00000000
6445.61820  1.00000000
6445.75572  1.00000000
6445.89324  1.00000000
6446.03075  1.00000000
6446.16827  1.00000000
6446.30579  1.00000000
6446.44331  1.00000000
6446.58082  1.00000000
6446.71834  1.00000000
6446.85586  1.00000000
6446.99337  1.00000000
6447.13089  1.00000000
6447.26841  1.00000000
6447.40593  1.00000000
6447.54344  1.00000000
6447.68096  1.00000000
6447.81848  1.00000000
6447.95599  1.00000000
6448.09351  1.00000000
6448.23103  1.00000000
6448.36855  1.00000000
6448.50606  1.00000000
6448.64358  1.00000000
6448.78110  1.00000000
6448.91861  1.00000000
6449.05613  1.00000000
6449.19365  1.00000000
6449.33117  1.00000000
6449.46868  1.00000000
6449.60620  1.00000000
6449.74372  1.00000000
6449.88124  1.00000000
6450.01875  1.00000000
6450.15627  1.00000000
6450.29379  1.00000000
6450.43130  1.00000000
6450.56882  1.00000000
6450.70634  1.00000000
6450.84386  1.00000000
6450.98137  1.00000000
6451.11889  1.00000000
6451.25641  1.00000000
6451.39392  1.00000000
6451.53144  1.00000000
6451.66896  1.00000000
6451.80648  1.00000000
6451.94399  1.00000000
6452.08151  1.00000000
6452.21903  1.00000000
6452.35654  1.00000000
6452.49406  1.00000000
6452.63158  1.00000000
6452.76910  1.00000000
6452.90661  1.00000000
6453.04413  1.00000000
6453.18165  1.00000000
6453.31916  1.00000000
6453.45668  1.00000000
6453.59420  1.00000000
6453.73172  1.00000000
6453.86923  1.00000000
6454.00675  1.00000000
6454.14427  1.00000000
6454.28179  1.00000000
6454.41930  1.00000000
6454.55682  1.00000000
6454.69434  1.00000000
6454.83185  1.00000000
6454.96937  1.00000000
6455.10689  1.00000000
6455.24441  1.00000000
6455.38192  1.00000000
6455.51944  1.00000000
6455.65696  1.00000000
6455.79447  1.00000000
6455.93199  1.00000000
6456.06951  1.00000000
6456.20703  1.00000000
6456.34454  1.00000000
6456.48206  1.00000000
6456.61958  1.00000000
6456.75709  1.00000000
6456.89461  1.00000000
6457.03213  1.00000000
6457.16965  1.00000000
6457.30716  1.00000000
6457.44468  1.00000000
6457.58220  1.00000000
6457.71971  1.00000000
6457.85723  1.00000000
6457.99475  1.00000000
6458.13227  1.00000000
6458.26978  1.00000000
6458.40730  1.00000000
6458.54482  1.00000000
6458.68234  1.00000000
6458.81985  1.00000000
6458.95737  1.00000000
6459.09489  1.00000000
6459.23240  1.00000000
6459.36992  1.00000000
6459.50744  1.00000000
6459.64496  1.00000000
6459.78247  1.00000000
6459.91999  1.00000000
6460.05751  1.00000000
6460.19502  1.00000000
6460.33254  1.00000000
6460.47006  1.00000000
6460.60758  1.00000000
6460.74509  1.00000000
6460.88261  1.00000000
6461.02013  1.00000000
6461.15764  1.00000000
6461.29516  1.00000000
6461.43268  1.00000000
6461.57020  1.00000000
6461.70771  1.00000000
6461.84523  1.00000000
6461.98275  1.00000000
6462.12027  1.00000000
6462.25778  1.00000000
6462.39530  1.00000000
6462.53282  1.00000000
6462.67033  1.00000000
6462.80785  1.00000000
6462.94537  1.00000000
6463.08289  1.00000000
6463.22040  1.00000000
6463.35792  1.00000000
6463.49544  1.00000000
6463.63295  1.00000000
6463.77047  1.00000000
6463.90799  1.00000000
6464.04551  1.00000000
6464.18302  1.00000000
6464.32054  1.00000000
6464.45806  1.00000000
6464.59557  1.00000000
6464.73309  1.00000000
6464.87061  1.00000000
6465.00813  1.00000000
6465.14564  1.00000000
6465.28316  1.00000000
6465.42068  1.00000000
6465.55819  1.00000000
6465.69571  1.00000000
6465.83323  1.00000000
6465.97075  1.00000000
6466.10826  1.00000000
6466.24578  1.00000000
6466.38330  1.00000000
6466.52082  1.00000000
6466.65833  1.00000000
6466.79585  1.00000000
6466.93337  1.00000000
6467.07088  1.00000000
6467.20840  1.00000000
6467.34592  1.00000000
6467.48344  1.00000000
6467.62095  1.00000000
6467.75847  1.00000000
6467.89599  1.00000000
6468.03350  1.00000000
6468.17102  1.00000000
6468.30854  1.00000000
6468.44606  1.00000000
6468.58357  1.00000000
6468.72109  1.00000000
6468.85861  1.00000000
6468.99612  1.00000000
6469.13364  1.00000000
6469.27116  1.00000000
6469.40868  1.00000000
6469.54619  1.00000000
6469.68371  1.00000000
6469.82123  1.00000000
6469.95874  1.00000000
6470.09626  1.00000000
6470.23378  1.00000000
6470.37130  1.00000000
6470.50881  1.00000000
6470.64633  1.00000000
6470.78385  1.00000000
6470.92137  1.00000000
6471.05888  1.00000000
6471.19640  1.00000000
6471.33392  1.00000000
6471.47143  1.00000000
6471.60895  1.00000000
6471.74647  1.00000000
6471.88399  1.00000000
6472.02150  1.00000000
6472.15902  1.00000000
6472.29654  1.00000000
6472.43405  1.00000000
6472.57157  1.00000000
6472.70909  1.00000000
6472.84661  1.00000000
6472.98412  1.00000000
6473.12164  1.00000000
6473.25916  1.00000000
6473.39667  1.00000000
6473.53419  1.00000000
6473.67171  1.00000000
6473.80923  1.00000000
6473.94674  1.00000000
6474.08426  1.00000000
6474.22178  1.00000000
6474.35929  1.00000000
6474.49681  1.00000000
6474.63433  1.00000000
6474.77185  1.00000000
6474.90936  1.00000000
6475.04688  1.00000000
6475.18440  1.00000000
6475.32192  1.00000000
6475.45943  1.00000000
6475.59695  1.00000000
6475.73447  1.00000000
6475.87198  1.00000000
6476.00950  1.00000000
6476.14702  1.00000000
6476.28454  1.00000000
6476.42205  1.00000000
6476.55957  1.00000000
6476.69709  1.00000000
6476.83460  1.00000000
6476.97212  1.00000000
6477.10964  1.00000000
6477.24716  1.00000000
6477.38467  1.00000000
6477.52219  1.00000000
6477.65971  1.00000000
6477.79722  1.00000000
6477.93474  1.00000000
6478.07226  1.00000000
6478.20978  1.00000000
6478.34729  1.00000000
6478.48481  1.00000000
6478.62233  1.00000000
6478.75984  1.00000000
6478.89736  1.00000000
6479.03488  1.00000000
6479.17240  1.00000000
6479.30991  1.00000000
6479.44743  1.00000000
6479.58495  1.00000000
6479.72247  1.00000000
6479.85998  1.00000000
6479.99750  1.00000000
6480.13502  1.00000000
6480.27253  1.00000000
6480.41005  1.00000000
6480.54757  1.00000000
6480.68509  1.00000000
6480.82260  1.00000000
6480.96012  1.00000000
6481.09764  1.00000000
6481.23515  1.00000000
6481.37267  1.00000000
6481.51019  1.00000000
6481.64771  1.00000000
6481.78522  1.00000000
6481.92274  1.00000000
6482.06026  1.00000000
6482.19777  1.00000000
6482.33529  1.00000000
6482.47281  1.00000000
6482.61033  1.00000000
6482.74784  1.00000000
6482.88536  1.00000000
6483.02288  1.00000000
6483.16040  1.00000000
6483.29791  1.00000000
6483.43543  1.00000000
6483.57295  1.00000000
6483.71046  1.00000000
6483.84798  1.00000000
6483.98550  1.00000000
6484.12302  1.00000000
6484.26053  1.00000000
6484.39805  1.00000000
6484.53557  1.00000000
6484.67308  1.00000000
6484.81060  1.00000000
6484.94812  1.00000000
6485.08564  1.00000000
6485.22315  1.00000000
6485.36067  1.00000000
6485.49819  1.00000000
6485.63570  1.00000000
6485.77322  1.00000000
6485.91074  1.00000000
6486.04826  1.00000000
6486.18577  1.00000000
6486.32329  1.00000000
6486.46081  1.00000000
6486.59832  1.00000000
6486.73584  1.00000000
6486.87336  1.00000000
6487.01088  1.00000000
6487.14839  1.00000000
6487.28591  1.00000000
6487.42343  1.00000000
6487.56095  1.00000000
6487.69846  1.00000000
6487.83598  1.00000000
6487.97350  1.00000000
6488.11101  1.00000000
6488.24853  1.00000000
6488.38605  1.00000000
6488.52357  1.00000000
6488.66108  1.00000000
6488.79860  1.00000000
6488.93612  1.00000000
6489.07363  1.00000000
6489.21115  1.00000000
6489.34867  1.00000000
6489.48619  1.00000000
6489.62370  1.00000000
6489.76122  1.00000000
6489.89874  1.00000000
6490.03625  1.00000000
6490.17377  1.00000000
6490.31129  1.00000000
6490.44881  1.00000000
6490.58632  1.00000000
6490.72384  1.00000000
6490.86136  1.00000000
6490.99887  1.00000000
6491.13639  1.00000000
6491.27391  1.00000000
6491.41143  1.00000000
6491.54894  1.00000000
6491.68646  1.00000000
6491.82398  1.00000000
6491.96150  1.00000000
6492.09901  1.00000000
6492.23653  1.00000000
6492.37405  1.00000000
6492.51156  1.00000000
6492.64908  1.00000000
6492.78660  1.00000000
6492.92412  1.00000000
6493.06163  1.00000000
6493.19915  1.00000000
6493.33667  1.00000000
6493.47418  1.00000000
6493.61170  1.00000000
6493.74922  1.00000000
6493.88674  1.00000000
6494.02425  1.00000000
6494.16177  1.00000000
6494.29929  1.00000000
6494.43680  1.00000000
6494.57432  1.00000000
6494.71184  1.00000000
6494.84936  1.00000000
6494.98687  1.00000000
6495.12439  1.00000000
6495.26191  1.00000000
6495.39942  1.00000000
6495.53694  1.00000000
6495.67446  1.00000000
6495.81198  1.00000000
6495.94949  1.00000000
6496.08701  1.00000000
6496.22453  1.00000000
6496.36205  1.00000000
6496.49956  1.00000000
6496.63708  1.00000000
6496.77460  1.00000000
6496.91211  1.00000000
6497.04963  1.00000000
6497.18715  1.00000000
6497.32467  1.00000000
6497.46218  1.00000000
6497.59970  1.00000000
6497.73722  1.00000000
6497.87473  1.00000000
6498.01225  1.00000000
6498.14977  1.00000000
6498.28729  1.00000000
6498.42480  1.00000000
6498.56232  1.00000000
6498.69984  1.00000000
6498.83735  1.00000000
6498.97487  1.00000000
6499.11239  1.00000000
6499.24991  1.00000000
6499.38742  1.00000000
6499.52494  1.00000000
6499.66246  1.00000000
6499.79997  1.00000000
6499.93749  1.00000000
6500.07501  1.00000000
6500.21253  1.00000000
6500.35004  1.00000000
6500.48756  1.00000000
6500.62508  1.00000000
6500.76260  1.00000000
6500.90011  1.00000000
6501.03763  1.00000000
6501.17515  1.00000000
6501.31266  1.00000000
6501.45018  1.00000000
6501.58770  1.00000000
6501.72522  1.00000000
6501.86273  1.00000000
6502.00025  1.00000000
6502.13777  1.00000000
6502.27528  1.00000000
6502.41280  1.00000000
6502.55032  1.00000000
6502.68784  1.00000000
6502.82535  1.00000000
6502.96287  1.00000000
6503.10039  1.00000000
6503.23790  1.00000000
6503.37542  1.00000000
6503.51294  1.00000000
6503.65046  1.00000000
6503.78797  1.00000000
6503.92549  1.00000000
6504.06301  1.00000000
6504.20053  1.00000000
6504.33804  1.00000000
6504.47556  1.00000000
6504.61308  1.00000000
6504.75059  1.00000000
6504.88811  1.00000000
6505.02563  1.00000000
6505.16315  1.00000000
6505.30066  1.00000000
6505.43818  1.00000000
6505.57570  1.00000000
6505.71321  1.00000000
6505.85073  1.00000000
6505.98825  1.00000000
6506.12577  1.00000000
6506.26328  1.00000000
6506.40080  1.00000000
6506.53832  1.00000000
6506.67583  1.00000000
6506.81335  1.00000000
6506.95087  1.00000000
6507.08839  1.00000000
6507.22590  1.00000000
6507.36342  1.00000000
6507.50094  1.00000000
6507.63845  1.00000000
6507.77597  1.00000000
6507.91349  1.00000000
6508.05101  1.00000000
6508.18852  1.00000000
6508.32604  1.00000000
6508.46356  1.00000000
6508.60108  1.00000000
6508.73859  1.00000000
6508.87611  1.00000000
6509.01363  1.00000000
6509.15114  1.00000000
6509.28866  1.00000000
6509.42618  1.00000000
6509.56370  1.00000000
6509.70121  1.00000000
6509.83873  1.00000000
6509.97625  1.00000000
6510.11376  1.00000000
6510.25128  1.00000000
6510.38880  1.00000000
6510.52632  1.00000000
6510.66383  1.00000000
6510.80135  1.00000000
6510.93887  1.00000000
6511.07638  1.00000000
6511.21390  1.00000000
6511.35142  1.00000000
6511.48894  1.00000000
6511.62645  1.00000000
6511.76397  1.00000000
6511.90149  1.00000000
6512.03900  1.00000000
6512.17652  1.00000000
6512.31404  1.00000000
6512.45156  1.00000000
6512.58907  1.00000000
6512.72659  1.00000000
6512.86411  1.00000000
6513.00163  1.00000000
6513.13914  1.00000000
6513.27666  1.00000000
6513.41418  1.00000000
6513.55169  1.00000000
6513.68921  1.00000000
6513.82673  1.00000000
6513.96425  1.00000000
6514.10176  1.00000000
6514.23928  1.00000000
6514.37680  1.00000000
6514.51431  1.00000000
6514.65183  1.00000000
6514.78935  1.00000000
6514.92687  1.00000000
6515.06438  1.00000000
6515.20190  1.00000000
6515.33942  1.00000000
6515.47693  1.00000000
6515.61445  1.00000000
6515.75197  1.00000000
6515.88949  1.00000000
6516.02700  1.00000000
6516.16452  1.00000000
6516.30204  1.00000000
6516.43955  1.00000000
6516.57707  1.00000000
6516.71459  1.00000000
6516.85211  1.00000000
6516.98962  1.00000000
6517.12714  1.00000000
6517.26466  1.00000000
6517.40218  1.00000000
6517.53969  1.00000000
6517.67721  1.00000000
6517.81473  1.00000000
6517.95224  1.00000000
6518.08976  1.00000000
6518.22728  1.00000000
6518.36480  1.00000000
6518.50231  1.00000000
6518.63983  1.00000000
6518.77735  1.00000000
6518.91486  1.00000000
6519.05238  1.00000000
6519.18990  1.00000000
6519.32742  1.00000000
6519.46493  1.00000000
6519.60245  1.00000000
6519.73997  1.00000000
6519.87748  1.00000000
6520.01500  1.00000000
6520.15252  1.00000000
6520.29004  1.00000000
6520.42755  1.00000000
6520.56507  1.00000000
6520.70259  1.00000000
6520.84011  1.00000000
6520.97762  1.00000000
6521.11514  1.00000000
6521.25266  1.00000000
6521.39017  1.00000000
6521.52769  1.00000000
6521.66521  1.00000000
6521.80273  1.00000000
6521.94024  1.00000000
6522.07776  1.00000000
6522.21528  1.00000000
6522.35279  1.00000000
6522.49031  1.00000000
6522.62783  1.00000000
6522.76535  1.00000000
6522.90286  1.00000000
6523.04038  1.00000000
6523.17790  1.00000000
6523.31541  1.00000000
6523.45293  1.00000000
6523.59045  1.00000000
6523.72797  1.00000000
6523.86548  1.00000000
6524.00300  1.00000000
6524.14052  1.00000000
6524.27803  1.00000000
6524.41555  1.00000000
6524.55307  1.00000000
6524.69059  1.00000000
6524.82810  1.00000000
6524.96562  1.00000000
6525.10314  1.00000000
6525.24066  1.00000000
6525.37817  1.00000000
6525.51569  1.00000000
6525.65321  1.00000000
6525.79072  1.00000000
6525.92824  1.00000000
6526.06576  1.00000000
6526.20328  1.00000000
6526.34079  1.00000000
6526.47831  1.00000000
6526.61583  1.00000000
6526.75334  1.00000000
6526.89086  1.00000000
6527.02838  1.00000000
6527.16590  1.00000000
6527.30341  1.00000000
6527.44093  1.00000000
6527.57845  1.00000000
6527.71596  1.00000000
6527.85348  1.00000000
6527.99100  1.00000000
6528.12852  1.00000000
6528.26603  1.00000000
6528.40355  1.00000000
6528.54107  1.00000000
6528.67858  1.00000000
6528.81610  1.00000000
6528.95362  1.00000000
6529.09114  1.00000000
6529.22865  1.00000000
6529.36617  1.00000000
6529.50369  1.00000000
6529.64121  1.00000000
6529.77872  1.00000000
6529.91624  1.00000000
6530.05376  1.00000000
6530.19127  1.00000000
6530.32879  1.00000000
6530.46631  1.00000000
6530.60383  1.00000000
6530.74134  1.00000000
6530.87886  1.00000000
6531.01638  1.00000000
6531.15389  1.00000000
6531.29141  1.00000000
6531.42893  1.00000000
6531.56645  1.00000000
6531.70396  1.00000000
6531.84148  1.00000000
6531.97900  1.00000000
6532.11651  1.00000000
6532.25403  1.00000000
6532.39155  1.00000000
6532.52907  1.00000000
6532.66658  1.00000000
6532.80410  1.00000000
6532.94162  1.00000000
6533.07913  1.00000000
6533.21665  1.00000000
6533.35417  1.00000000
6533.49169  1.00000000
6533.62920  1.00000000
6533.76672  1.00000000
6533.90424  1.00000000
6534.04176  1.00000000
6534.17927  1.00000000
6534.31679  1.00000000
6534.45431  1.00000000
6534.59182  1.00000000
6534.72934  1.00000000
6534.86686  1.00000000
6535.00438  1.00000000
6535.14189  1.00000000
6535.27941  1.00000000
6535.41693  1.00000000
6535.55444  1.00000000
6535.69196  1.00000000
6535.82948  1.00000000
6535.96700  1.00000000
6536.10451  1.00000000
6536.24203  1.00000000
6536.37955  1.00000000
6536.51706  1.00000000
6536.65458  1.00000000
6536.79210  1.00000000
6536.92962  1.00000000
6537.06713  1.00000000
6537.20465  1.00000000
6537.34217  1.00000000
6537.47968  1.00000000
6537.61720  1.00000000
6537.75472  1.00000000
6537.89224  1.00000000
6538.02975  1.00000000
6538.16727  1.00000000
6538.30479  1.00000000
6538.44231  1.00000000
6538.57982  1.00000000
6538.71734  1.00000000
6538.85486  1.00000000
6538.99237  1.00000000
6539.12989  1.00000000
6539.26741  1.00000000
6539.40493  1.00000000
6539.54244  1.00000000
6539.67996  1.00000000
6539.81748  1.00000000
6539.95499  1.00000000
6540.09251  1.00000000
6540.23003  1.00000000
6540.36755  1.00000000
6540.50506  1.00000000
6540.64258  1.00000000
6540.78010  1.00000000
6540.91761  1.00000000
6541.05513  1.00000000
6541.19265  1.00000000
6541.33017  1.00000000
6541.46768  1.00000000
6541.60520  1.00000000
6541.74272  1.00000000
6541.88024  1.00000000
6542.01775  1.00000000
6542.15527  1.00000000
6542.29279  1.00000000
6542.43030  1.00000000
6542.56782  1.00000000
6542.70534  1.00000000
6542.84286  1.00000000
6542.98037  1.00000000
6543.11789  1.00000000
6543.25541  1.00000000
6543.39292  1.00000000
6543.53044  1.00000000
6543.66796  1.00000000
6543.80548  1.00000000
6543.94299  1.00000000
6544.08051  1.00000000
6544.21803  1.00000000
6544.35554  1.00000000
6544.49306  1.00000000
6544.63058  1.00000000
6544.76810  1.00000000
6544.90561  1.00000000
6545.04313  1.00000000
6545.18065  1.00000000
6545.31816  1.00000000
6545.45568  1.00000000
6545.59320  1.00000000
6545.73072  1.00000000
6545.86823  1.00000000
6546.00575  1.00000000
6546.14327  1.00000000
6546.28079  1.00000000
6546.41830  1.00000000
6546.55582  1.00000000
6546.69334  1.00000000
6546.83085  1.00000000
6546.96837  1.00000000
6547.10589  1.00000000
6547.24341  1.00000000
6547.38092  1.00000000
6547.51844  1.00000000
6547.65596  1.00000000
6547.79347  1.00000000
6547.93099  1.00000000
6548.06851  1.00000000
6548.20603  1.00000000
6548.34354  1.00000000
6548.48106  1.00000000
6548.61858  1.00000000
6548.75609  1.00000000
6548.89361  1.00000000
6549.03113  1.00000000
6549.16865  1.00000000
6549.30616  1.00000000
6549.44368  1.00000000
6549.58120  1.00000000
6549.71871  1.00000000
6549.85623  1.00000000
6549.99375  1.00000000
6550.13127  1.00000000
6550.26878  1.00000000
6550.40630  1.00000000
6550.54382  1.00000000
6550.68134  1.00000000
6550.81885  1.00000000
6550.95637  1.00000000
6551.09389  1.00000000
6551.23140  1.00000000
6551.36892  1.00000000
6551.50644  1.00000000
6551.64396  1.00000000
6551.78147  1.00000000
6551.91899  1.00000000
6552.05651  1.00000000
6552.19402  1.00000000
6552.33154  1.00000000
6552.46906  1.00000000
6552.60658  1.00000000
6552.74409  1.00000000
6552.88161  1.00000000
6553.01913  1.00000000
6553.15664  1.00000000
6553.29416  1.00000000
6553.43168  1.00000000
6553.56920  1.00000000
6553.70671  1.00000000
6553.84423  1.00000000
6553.98175  1.00000000
6554.11926  1.00000000
6554.25678  1.00000000
6554.39430  1.00000000
6554.53182  1.00000000
6554.66933  1.00000000
6554.80685  1.00000000
6554.94437  1.00000000
6555.08189  1.00000000
6555.21940  1.00000000
6555.35692  1.00000000
6555.49444  1.00000000
6555.63195  1.00000000
6555.76947  1.00000000
6555.90699  1.00000000
6556.04451  1.00000000
6556.18202  1.00000000
6556.31954  1.00000000
6556.45706  1.00000000
6556.59457  1.00000000
6556.73209  1.00000000
6556.86961  1.00000000
6557.00713  1.00000000
6557.14464  1.00000000
6557.28216  1.00000000
6557.41968  1.00000000
6557.55719  1.00000000
6557.69471  1.00000000
6557.83223  1.00000000
6557.96975  1.00000000
6558.10726  0.99999999
6558.24478  0.99999998
6558.38230  0.99999995
6558.51981  0.99999988
6558.65733  0.99999968
6558.79485  0.99999920
6558.93237  0.99999805
6559.06988  0.99999540
6559.20740  0.99998946
6559.34492  0.99997654
6559.48244  0.99994931
6559.61995  0.99989364
6559.75747  0.99978335
6559.89499  0.99957152
6560.03250  0.99917725
6560.17002  0.99846619
6560.30754  0.99722387
6560.44506  0.99512161
6560.58257  0.99167700
6560.72009  0.98621360
6560.85761  0.97782881
6560.99512  0.96538259
6561.13264  0.94752318
6561.27016  0.92276616
6561.40768  0.88963913
6561.54519  0.84689484
6561.68271  0.79377948
6561.82023  0.73032469
6561.95774  0.65761257
6562.09526  0.57795213
6562.23278  0.49490518
6562.37030  0.41311717
6562.50781  0.33794025
6562.64533  0.27487937
6562.78285  0.22893564
6562.92037  0.20395378
6563.05788  0.20209123
6563.19540  0.22351069
6563.33292  0.26635660
6563.47043  0.32702049
6563.60795  0.40064248
6563.74547  0.48175232
6563.88299  0.56493307
6564.02050  0.64539728
6564.15802  0.71939503
6564.29554  0.78441630
6564.43305  0.83919343
6564.57057  0.88354478
6564.70809  0.91811932
6564.84561  0.94410523
6564.98312  0.96295512
6565.12064  0.97616295
6565.25816  0.98510830
6565.39567  0.99096760
6565.53319  0.99468101
6565.67071  0.99695896
6565.80823  0.99831196
6565.94574  0.99909027
6566.08326  0.99952400
6566.22078  0.99975819
6566.35829  0.99988074
6566.49581  0.99994289
6566.63333  0.99997345
6566.77085  0.99998802
6566.90836  0.99999475
6567.04588  0.99999777
6567.18340  0.99999908
6567.32092  0.99999963
6567.45843  0.99999986
6567.59595  0.99999995
6567.73347  0.99999998
6567.87098  0.99999999
6568.00850  1.00000000
6568.14602  1.00000000
6568.28354  1.00000000
6568.42105  1.00000000
6568.55857  1.00000000
6568.69609  1.00000000
6568.83360  1.00000000
6568.97112  1.00000000
6569.10864  1.00000000
6569.24616  1.00000000
6569.38367  1.00000000
6569.52119  1.00000000
6569.65871  1.00000000
6569.79622  1.00000000
6569.93374  1.00000000
6570.07126  1.00000000
6570.20878  1.00000000
6570.34629  1.00000000
6570.48381  1.00000000
6570.62133  1.00000000
6570.75884  1.00000000
6570.89636  1.00000000
6571.03388  1.00000000
6571.17140  1.00000000
6571.30891  1.00000000
6571.44643  1.00000000
6571.58395  1.00000000
6571.72147  1.00000000
6571.85898  1.00000000
6571.99650  1.00000000
6572.13402  1.00000000
6572.27153  1.00000000
6572.40905  1.00000000
6572.54657  1.00000000
6572.68409  1.00000000
6572.82160  1.00000000
6572.95912  1.00000000
6573.09664  1.00000000
6573.23415  1.00000000
6573.37167  1.00000000
6573.50919  1.00000000
6573.64671  1.00000000
6573.78422  1.00000000
6573.92174  1.00000000
6574.05926  1.00000000
6574.19677  1.00000000
6574.33429  1.00000000
6574.47181  1.00000000
6574.60933  1.00000000
6574.74684  1.00000000
6574.88436  1.00000000
6575.02188  1.00000000
6575.15939  1.00000000
6575.29691  1.00000000
6575.43443  1.00000000
6575.57195  1.00000000
6575.70946  1.00000000
6575.84698  1.00000000
6575.98450  1.00000000
6576.12202  1.00000000
6576.25953  1.00000000
6576.39705  1.00000000
6576.53457  1.00000000
6576.67208  1.00000000
6576.80960  1.00000000
6576.94712  1.00000000
6577.08464  1.00000000
6577.22215  1.00000000
6577.35967  1.00000000
6577.49719  1.00000000
6577.63470  1.00000000
6577.77222  1.00000000
6577.90974  1.00000000
6578.04726  1.00000000
6578.18477  1.00000000
6578.32229  1.00000000
6578.45981  1.00000000
6578.59732  1.00000000
6578.73484  1.00000000
6578.87236  1.00000000
6579.00988  1.00000000
6579.14739  1.00000000
6579.28491  1.00000000
6579.42243  1.00000000
6579.55994  1.00000000
6579.69746  1.00000000
6579.83498  1.00000000
6579.97250  1.00000000
6580.11001  1.00000000
6580.24753  1.00000000
6580.38505  1.00000000
6580.52257  1.00000000
6580.66008  1.00000000
6580.79760  1.00000000
6580.93512  1.00000000
6581.07263  1.00000000
6581.21015  1.00000000
6581.34767  1.00000000
6581.48519  1.00000000
6581.62270  1.00000000
6581.76022  1.00000000
6581.89774  1.00000000
6582.03525  1.00000000
6582.17277  1.00000000
6582.31029  1.00000000
6582.44781  1.00000000
6582.58532  1.00000000
6582.72284  1.00000000
6582.86036  1.00000000
6582.99787  1.00000000
6583.13539  1.00000000
6583.27291  1.00000000
6583.41043  1.00000000
6583.54794  1.00000000
6583.68546  1.00000000
6583.82298  1.00000000
6583.96050  1.00000000
6584.09801  1.00000000
6584.23553  1.00000000
6584.37305  1.00000000
6584.51056  1.00000000
6584.64808  1.00000000
6584.78560  1.00000000
6584.92312  1.00000000
6585.06063  1.00000000
6585.19815  1.00000000
6585.33567  1.00000000
6585.47318  1.00000000
6585.61070  1.00000000
6585.74822  1.00000000
6585.88574  1.00000000
6586.02325  1.00000000
6586.16077  1.00000000
6586.29829  1.00000000
6586.43580  1.00000000
6586.57332  1.00000000
6586.71084  1.00000000
6586.84836  1.00000000
6586.98587  1.00000000
6587.12339  1.00000000
6587.26091  1.00000000
6587.39842  1.00000000
6587.53594  1.00000000
6587.67346  1.00000000
6587.81098  1.00000000
6587.94849  1.00000000
6588.08601  1.00000000
6588.22353  1.00000000
6588.36105  1.00000000
6588.49856  1.00000000
6588.63608  1.00000000
6588.77360  1.00000000
6588.91111  1.00000000
6589.04863  1.00000000
6589.18615  1.00000000
6589.32367  1.00000000
6589.46118  1.00000000
6589.59870  1.00000000
6589.73622  1.00000000
6589.87373  1.00000000
6590.01125  1.00000000
6590.14877  1.00000000
6590.28629  1.00000000
6590.42380  1.00000000
6590.56132  1.00000000
6590.69884  1.00000000
6590.83635  1.00000000
6590.97387  1.00000000
6591.11139  1.00000000
6591.24891  1.00000000
6591.38642  1.00000000
6591.52394  1.00000000
6591.66146  1.00000000
6591.79897  1.00000000
6591.93649  1.00000000
6592.07401  1.00000000
6592.21153  1.00000000
6592.34904  1.00000000
6592.48656  1.00000000
6592.62408  1.00000000
6592.76160  1.00000000
6592.89911  1.00000000
6593.03663  1.00000000
6593.17415  1.00000000
6593.31166  1.00000000
6593.44918  1.00000000
6593.58670  1.00000000
6593.72422  1.00000000
6593.86173  1.00000000
6593.99925  1.00000000
6594.13677  1.00000000
6594.27428  1.00000000
6594.41180  1.00000000
6594.54932  1.00000000
6594.68684  1.00000000
6594.82435  1.00000000
6594.96187  1.00000000
6595.09939  1.00000000
6595.23690  1.00000000
6595.37442  1.00000000
6595.51194  1.00000000
6595.64946  1.00000000
6595.78697  1.00000000
6595.92449  1.00000000
6596.06201  1.00000000
6596.19952  1.00000000
6596.33704  1.00000000
6596.47456  1.00000000
6596.61208  1.00000000
6596.74959  1.00000000
6596.88711  1.00000000
6597.02463  1.00000000
6597.16215  1.00000000
6597.29966  1.00000000
6597.43718  1.00000000
6597.57470  1.00000000
6597.71221  1.00000000
6597.84973  1.00000000
6597.98725  1.00000000
6598.12477  1.00000000
6598.26228  1.00000000
6598.39980  1.00000000
6598.53732  1.00000000
6598.67483  1.00000000
6598.81235  1.00000000
6598.94987  1.00000000
6599.08739  1.00000000
6599.22490  1.00000000
6599.36242  1.00000000
6599.49994  1.00000000
6599.63745  1.00000000
6599.77497  1.00000000
6599.91249  1.00000000
6600.05001  1.00000000
6600.18752  1.00000000
6600.32504  1.00000000
6600.46256  1.00000000
6600.60008  1.00000000
6600.73759  1.00000000
6600.87511  1.00000000
6601.01263  1.00000000
6601.15014  1.00000000
6601.28766  1.00000000
6601.42518  1.00000000
6601.56270  1.00000000
6601.70021  1.00000000
6601.83773  1.00000000
6601.97525  1.00000000
6602.11276  1.00000000
6602.25028  1.00000000
6602.38780  1.00000000
6602.52532  1.00000000
6602.66283  1.00000000
6602.80035  1.00000000
6602.93787  1.00000000
6603.07538  1.00000000
6603.21290  1.00000000
6603.35042  1.00000000
6603.48794  1.00000000
6603.62545  1.00000000
6603.76297  1.00000000
6603.90049  1.00000000
6604.03800  1.00000000
6604.17552  1.00000000
6604.31304  1.00000000
6604.45056  1.00000000
6604.58807  1.00000000
6604.72559  1.00000000
6604.86311  1.00000000
6605.00063  1.00000000
6605.13814  1.00000000
6605.27566  1.00000000
6605.41318  1.00000000
6605.55069  1.00000000
6605.68821  1.00000000
6605.82573  1.00000000
6605.96325  1.00000000
6606.10076  1.00000000
6606.23828  1.00000000
6606.37580  1.00000000
6606.51331  1.00000000
6606.65083  1.00000000
6606.78835  1.00000000
6606.92587  1.00000000
6607.06338  1.00000000
6607.20090  1.00000000
6607.33842  1.00000000
6607.47593  1.00000000
6607.61345  1.00000000
6607.75097  1.00000000
6607.88849  1.00000000
6608.02600  1.00000000
6608.16352  1.00000000
6608.30104  1.00000000
6608.43855  1.00000000
6608.57607  1.00000000
6608.71359  1.00000000
6608.85111  1.00000000
6608.98862  1.00000000
6609.12614  1.00000000
6609.26366  1.00000000
6609.40118  1.00000000
6609.53869  1.00000000
6609.67621  1.00000000
6609.81373  1.00000000
6609.95124  1.00000000
6610.08876  1.00000000
6610.22628  1.00000000
6610.36380  1.00000000
6610.50131  1.00000000
6610.63883  1.00000000
6610.77635  1.00000000
6610.91386  1.00000000
6611.05138  1.00000000
6611.18890  1.00000000
6611.32642  1.00000000
6611.46393  1.00000000
6611.60145  1.00000000
6611.73897  1.00000000
6611.87648  1.00000000
6612.01400  1.00000000
6612.15152  1.00000000
6612.28904  1.00000000
6612.42655  1.00000000
6612.56407  1.00000000
6612.70159  1.00000000
6612.83910  1.00000000
6612.97662  1.00000000
6613.11414  1.00000000
6613.25166  1.00000000
6613.38917  1.00000000
6613.52669  1.00000000
6613.66421  1.00000000
6613.80173  1.00000000
6613.93924  1.00000000
6614.07676  1.00000000
6614.21428  1.00000000
6614.35179  1.00000000
6614.48931  1.00000000
6614.62683  1.00000000
6614.76435  1.00000000
6614.90186  1.00000000
6615.03938  1.00000000
6615.17690  1.00000000
6615.31441  1.00000000
6615.45193  1.00000000
6615.58945  1.00000000
6615.72697  1.00000000
6615.86448  1.00000000
6616.00200  1.00000000
6616.13952  1.00000000
6616.27703  1.00000000
6616.41455  1.00000000
6616.55207  1.00000000
6616.68959  1.00000000
6616.82710  1.00000000
6616.96462  1.00000000
6617.10214  1.00000000
6617.23965  1.00000000
6617.37717  1.00000000
6617.51469  1.00000000
6617.65221  1.00000000
6617.78972  1.00000000
6617.92724  1.00000000
6618.06476  1.00000000
6618.20228  1.00000000
6618.33979  1.00000000
6618.47731  1.00000000
6618.61483  1.00000000
6618.75234  1.00000000
6618.88986  1.00000000
6619.02738  1.00000000
6619.16490  1.00000000
6619.30241  1.00000000
6619.43993  1.00000000
6619.57745  1.00000000
6619.71496  1.00000000
6619.85248  1.00000000
6619.99000  1.00000000
6620.12752  1.00000000
6620.26503  1.00000000
6620.40255  1.00000000
6620.54007  1.00000000
6620.67758  1.00000000
6620.81510  1.00000000
6620.95262  1.00000000
6621.09014  1.00000000
6621.22765  1.00000000
6621.36517  1.00000000
6621.50269  1.00000000
6621.64021  1.00000000
6621.77772  1.00000000
6621.91524  1.00000000
6622.05276  1.00000000
6622.19027  1.00000000
6622.32779  1.00000000
6622.46531  1.00000000
6622.60283  1.00000000
6622.74034  1.00000000
6622.87786  1.00000000
6623.01538  1.00000000
6623.15289  1.00000000
6623.29041  1.00000000
6623.42793  1.00000000
6623.56545  1.00000000
6623.70296  1.00000000
6623.84048  1.00000000
6623.97800  1.00000000
6624.11551  1.00000000
6624.25303  1.00000000
6624.39055  1.00000000
6624.52807  1.00000000
6624.66558  1.00000000
6624.80310  1.00000000
6624.94062  1.00000000
6625.07813  1.00000000
6625.21565  1.00000000
6625.35317  1.00000000
6625.49069  1.00000000
6625.62820  1.00000000
6625.76572  1.00000000
6625.90324  1.00000000
6626.04076  1.00000000
6626.17827  1.00000000
6626.31579  1.00000000
6626.45331  1.00000000
6626.59082  1.00000000
6626.72834  1.00000000
6626.86586  1.00000000
6627.00338  1.00000000
6627.14089  1.00000000
6627.27841  1.00000000
6627.41593  1.00000000
6627.55344  1.00000000
6627.69096  1.00000000
6627.82848  1.00000000
6627.96600  1.00000000
6628.10351  1.00000000
6628.24103  1.00000000
6628.37855  1.00000000
6628.51606  1.00000000
6628.65358  1.00000000
6628.79110  1.00000000
6628.92862  1.00000000
6629.06613  1.00000000
6629.20365  1.00000000
6629.34117  1.00000000
6629.47868  1.00000000
6629.61620  1.00000000
6629.75372  1.00000000
6629.89124  1.00000000
6630.02875  1.00000000
6630.16627  1.00000000
6630.30379  1.00000000
6630.44131  1.00000000
6630.57882  1.00000000
6630.71634  1.00000000
6630.85386  1.00000000
6630.99137  1.00000000
6631.12889  1.00000000
6631.26641  1.00000000
6631.40393  1.00000000
6631.54144  1.00000000
6631.67896  1.00000000
6631.81648  1.00000000
6631.95399  1.00000000
6632.09151  1.00000000
6632.22903  1.00000000
6632.36655  1.00000000
6632.50406  1.00000000
6632.64158  1.00000000
6632.77910  1.00000000
6632.91661  1.00000000
6633.05413  1.00000000
6633.19165  1.00000000
6633.32917  1.00000000
6633.46668  1.00000000
6633.60420  1.00000000
6633.74172  1.00000000
6633.87923  1.00000000
6634.01675  1.00000000
6634.15427  1.00000000
6634.29179  1.00000000
6634.42930  1.00000000
6634.56682  1.00000000
6634.70434  1.00000000
6634.84186  1.00000000
6634.97937  1.00000000
6635.11689  1.00000000
6635.25441  1.00000000
6635.39192  1.00000000
6635.52944  1.00000000
6635.66696  1.00000000
6635.80448  1.00000000
6635.94199  1.00000000
6636.07951  1.00000000
6636.21703  1.00000000
6636.35454  1.00000000
6636.49206  1.00000000
6636.62958  1.00000000
6636.76710  1.00000000
6636.90461  1.00000000
6637.04213  1.00000000
6637.17965  1.00000000
6637.31716  1.00000000
6637.45468  1.00000000
6637.59220  1.00000000
6637.72972  1.00000000
6637.86723  1.00000000
6638.00475  1.00000000
6638.14227  1.00000000
6638.27978  1.00000000
6638.41730  1.00000000
6638.55482  1.00000000
6638.69234  1.00000000
6638.82985  1.00000000
6638.96737  1.00000000
6639.10489  1.00000000
6639.24241  1.00000000
6639.37992  1.00000000
6639.51744  1.00000000
6639.65496  1.00000000
6639.79247  1.00000000
6639.92999  1.00000000
6640.06751  1.00000000
6640.20503  1.00000000
6640.34254  1.00000000
6640.48006  1.00000000
6640.61758  1.00000000
6640.75509  1.00000000
6640.89261  1.00000000
6641.03013  1.00000000
6641.16765  1.00000000
6641.30516  1.00000000
6641.44268  1.00000000
6641.58020  1.00000000
6641.71771  1.00000000
6641.85523  1.00000000
6641.99275  1.00000000
6642.13027  1.00000000
6642.26778  1.00000000
6642.40530  1.00000000
6642.54282  1.00000000
6642.68034  1.00000000
6642.81785  1.00000000
6642.95537  1.00000000
6643.09289  1.00000000
6643.23040  1.00000000
6643.36792  1.00000000
6643.50544  1.00000000
6643.64296  1.00000000
6643.78047  1.00000000
6643.91799  1.00000000
6644.05551  1.00000000
6644.19302  1.00000000
6644.33054  1.00000000
6644.46806  1.00000000
6644.60558  1.00000000
6644.74309  1.00000000
6644.88061  1.00000000
6645.01813  1.00000000
6645.15564  1.00000000
6645.29316  1.00000000
6645.43068  1.00000000
6645.56820  1.00000000
6645.70571  1.00000000
6645.84323  1.00000000
6645.98075  1.00000000
6646.11826  1.00000000
6646.25578  1.00000000
6646.39330  1.00000000
6646.53082  1.00000000
6646.66833  1.00000000
6646.80585  1.00000000
6646.94337  1.00000000
6647.08089  1.00000000
6647.21840  1.00000000
6647.35592  1.00000000
6647.49344  1.00000000
6647.63095  1.00000000
6647.76847  1.00000000
6647.90599  1.00000000
6648.04351  1.00000000
6648.18102  1.00000000
6648.31854  1.00000000
6648.45606  1.00000000
6648.59357  1.00000000
6648.73109  1.00000000
6648.86861  1.00000000
6649.00613  1.00000000
6649.14364  1.00000000
6649.28116  1.00000000
6649.41868  1.00000000
6649.55619  1.00000000
6649.69371  1.00000000
6649.83123  1.00000000
6649.96875  1.00000000
6650.10626  1.00000000
6650.24378  1.00000000
6650.38130  1.00000000
6650.51881  1.00000000
6650.65633  1.00000000
6650.79385  1.00000000
6650.93137  1.00000000
6651.06888  1.00000000
6651.20640  1.00000000
6651.34392  1.00000000
6651.48144  1.00000000
6651.61895  1.00000000
6651.75647  1.00000000
6651.89399  1.00000000
6652.03150  1.00000000
6652.16902  1.00000000
6652.30654  1.00000000
6652.44406  1.00000000
6652.58157  1.00000000
6652.71909  1.00000000
6652.85661  1.00000000
6652.99412  1.00000000
6653.13164  1.00000000
6653.26916  1.00000000
6653.40668  1.00000000
6653.54419  1.00000000
6653.68171  1.00000000
6653.81923  1.00000000
6653.95674  1.00000000
6654.09426  1.00000000
6654.23178  1.00000000
6654.36930  1.00000000
6654.50681  1.00000000
6654.64433  1.00000000
6654.78185  1.00000000
6654.91936  1.00000000
6655.05688  1.00000000
6655.19440  1.00000000
6655.33192  1.00000000
6655.46943  1.00000000
6655.60695  1.00000000
6655.74447  1.00000000
6655.88199  1.00000000
6656.01950  1.00000000
6656.15702  1.00000000
6656.29454  1.00000000
6656.43205  1.00000000
6656.56957  1.00000000
6656.70709  1.00000000
6656.84461  1.00000000
6656.98212  1.00000000
6657.11964  1.00000000
6657.25716  1.00000000
6657.39467  1.00000000
6657.53219  1.00000000
6657.66971  1.00000000
6657.80723  1.00000000
6657.94474  1.00000000
6658.08226  1.00000000
6658.21978  1.00000000
6658.35729  1.00000000
6658.49481  1.00000000
6658.63233  1.00000000
6658.76985  1.00000000
6658.90736  1.00000000
6659.04488  1.00000000
6659.18240  1.00000000
6659.31991  1.00000000
6659.45743  1.00000000
6659.59495  1.00000000
6659.73247  1.00000000
6659.86998  1.00000000
6660.00750  1.00000000
6660.14502  1.00000000
6660.28254  1.00000000
6660.42005  1.00000000
6660.55757  1.00000000
6660.69509  1.00000000
6660.83260  1.00000000
6660.97012  1.00000000
6661.10764  1.00000000
6661.24516  1.00000000
6661.38267  1.00000000
6661.52019  1.00000000
6661.65771  1.00000000
6661.79522  1.00000000
6661.93274  1.00000000
6662.07026  1.00000000
6662.20778  1.00000000
6662.34529  1.00000000
6662.48281  1.00000000
6662.62033  1.00000000
6662.75784  1.00000000
6662.89536  1.00000000
6663.03288  1.00000000
6663.17040  1.00000000
6663.30791  1.00000000
6663.44543  1.00000000
6663.58295  1.00000000
6663.72047  1.00000000
6663.85798  1.00000000
6663.99550  1.00000000
6664.13302  1.00000000
6664.27053  1.00000000
6664.40805  1.00000000
6664.54557  1.00000000
6664.68309  1.00000000
6664.82060  1.00000000
6664.95812  1.00000000
6665.09564  1.00000000
6665.23315  1.00000000
6665.37067  1.00000000
6665.50819  1.00000000
6665.64571  1.00000000
6665.78322  1.00000000
6665.92074  1.00000000
6666.05826  1.00000000
6666.19577  1.00000000
6666.33329  1.00000000
6666.47081  1.00000000
6666.60833  1.00000000
6666.74584  1.00000000
6666.88336  1.00000000
6667.02088  1.00000000
6667.15839  1.00000000
6667.29591  1.00000000
6667.43343  1.00000000
6667.57095  1.00000000
6667.70846  1.00000000
6667.84598  1.00000000
6667.98350  1.00000000
6668.12102  1.00000000
6668.25853  1.00000000
6668.39605  1.00000000
6668.53357  1.00000000
6668.67108  1.00000000
6668.80860  1.00000000
6668.94612  1.00000000
6669.08364  1.00000000
6669.22115  1.00000000
6669.35867  1.00000000
6669.49619  1.00000000
6669.63370  1.00000000
6669.77122  1.00000000
6669.90874  1.00000000
6670.04626  1.00000000
6670.18377  1.00000000
6670.32129  1.00000000
6670.45881  1.00000000
6670.59632  1.00000000
6670.73384  1.00000000
6670.87136  1.00000000
6671.00888  1.00000000
6671.14639  1.00000000
6671.28391  1.00000000
6671.42143  1.00000000
6671.55894  1.00000000
6671.69646  1.00000000
6671.83398  1.00000000
6671.97150  1.00000000
6672.10901  1.00000000
6672.24653  1.00000000
6672.38405  1.00000000
6672.52157  1.00000000
6672.65908  1.00000000
6672.79660  1.00000000
6672.93412  1.00000000
6673.07163  1.00000000
6673.20915  1.00000000
6673.34667  1.00000000
6673.48419  1.00000000
6673.62170  1.00000000
6673.75922  1.00000000
6673.89674  1.00000000
6674.03425  1.00000000
6674.17177  1.00000000
6674.30929  1.00000000
6674.44681  1.00000000
6674.58432  1.00000000
6674.72184  1.00000000
6674.85936  1.00000000
6674.99687  1.00000000
6675.13439  1.00000000
6675.27191  1.00000000
6675.40943  1.00000000
6675.54694  1.00000000
6675.68446  1.00000000
6675.82198  1.00000000
6675.95949  1.00000000
6676.09701  1.00000000
6676.23453  1.00000000
6676.37205  1.00000000
6676.50956  1.00000000
6676.64708  1.00000000
6676.78460  1.00000000
6676.92212  1.00000000
6677.05963  1.00000000
6677.19715  1.00000000
6677.33467  1.00000000
6677.47218  1.00000000
6677.60970  1.00000000
6677.74722  1.00000000
6677.88474  1.00000000
6678.02225  1.00000000
6678.15977  1.00000000
6678.29729  1.00000000
6678.43480  1.00000000
6678.57232  1.00000000
6678.70984  1.00000000
6678.84736  1.00000000
6678.98487  1.00000000
6679.12239  1.00000000
6679.25991  1.00000000
6679.39742  1.00000000
6679.53494  1.00000000
6679.67246  1.00000000
6679.80998  1.00000000
6679.94749  1.00000000
6680.08501  1.00000000
6680.22253  1.00000000
6680.36005  1.00000000
6680.49756  1.00000000
6680.63508  1.00000000
6680.77260  1.00000000
6680.91011  1.00000000
6681.04763  1.00000000
6681.18515  1.00000000
6681.32267  1.00000000
6681.46018  1.00000000
6681.59770  1.00000000
6681.73522  1.00000000
6681.87273  1.00000000
6682.01025  1.00000000
6682.14777  1.00000000
6682.28529  1.00000000
6682.42280  1.00000000
6682.56032  1.00000000
6682.69784  1.00000000
6682.83535  1.00000000
6682.97287  1.00000000
6683.11039  1.00000000
6683.24791  1.00000000
6683.38542  1.00000000
6683.52294  1.00000000
6683.66046  1.00000000
6683.79797  1.00000000
6683.93549  1.00000000
6684.07301  1.00000000
6684.21053  1.00000000
6684.34804  1.00000000
6684.48556  1.00000000
6684.62308  1.00000000
6684.76060  1.00000000
6684.89811  1.00000000
6685.03563  1.00000000
6685.17315  1.00000000
6685.31066  1.00000000
6685.44818  1.00000000
6685.58570  1.00000000
6685.72322  1.00000000
6685.86073  1.00000000
6685.99825  1.00000000
6686.13577  1.00000000
6686.27328  1.00000000
6686.41080  1.00000000
6686.54832  1.00000000
6686.68584  1.00000000
6686.82335  1.00000000
6686.96087  1.00000000
6687.09839  1.00000000
6687.23590  1.00000000
6687.37342  1.00000000
6687.51094  1.00000000
6687.64846  1.00000000
6687.78597  1.00000000
6687.92349  1.00000000
6688.06101  1.00000000
6688.19852  1.00000000
6688.33604  1.00000000
6688.47356  1.00000000
6688.61108  1.00000000
6688.74859  1.00000000
6688.88611  1.00000000
6689.02363  1.00000000
6689.16115  1.00000000
6689.29866  1.00000000
6689.43618  1.00000000
6689.57370  1.00000000
6689.71121  1.00000000
6689.84873  1.00000000
6689.98625  1.00000000
6690.12377  1.00000000
6690.26128  1.00000000
6690.39880  1.00000000
6690.53632  1.00000000
6690.67383  1.00000000
6690.81135  1.00000000
6690.94887  1.00000000
6691.08639  1.00000000
6691.22390  1.00000000
6691.36142  1.00000000
6691.49894  1.00000000
6691.63645  1.00000000
6691.77397  1.00000000
6691.91149  1.00000000
6692.04901  1.00000000
6692.18652  1.00000000
6692.32404  1.00000000
6692.46156  1.00000000
6692.59907  1.00000000
6692.73659  1.00000000
6692.87411  1.00000000
6693.01163  1.00000000
6693.14914  1.00000000
6693.28666  1.00000000
6693.42418  1.00000000
6693.56170  1.00000000
6693.69921  1.00000000
6693.83673  1.00000000
6693.97425  1.00000000
6694.11176  1.00000000
6694.24928  1.00000000
6694.38680  1.00000000
6694.52432  1.00000000
6694.66183  1.00000000
6694.79935  1.00000000
6694.93687  1.00000000
6695.07438  1.00000000
6695.21190  1.00000000
6695.34942  1.00000000
6695.48694  1.00000000
6695.62445  1.00000000
6695.76197  1.00000000
6695.89949  1.00000000
6696.03700  1.00000000
6696.17452  1.00000000
6696.31204  1.00000000
6696.44956  1.00000000
6696.58707  1.00000000
6696.72459  1.00000000
6696.86211  1.00000000
6696.99962  1.00000000
6697.13714  1.00000000
6697.27466  1.00000000
6697.41218  1.00000000
6697.54969  1.00000000
6697.68721  1.00000000
6697.82473  1.00000000
6697.96225  1.00000000
6698.09976  1.00000000
6698.23728  1.00000000
6698.37480  1.00000000
6698.51231  1.00000000
6698.64983  1.00000000
6698.78735  1.00000000
6698.92487  1.00000000
6699.06238  1.00000000
6699.19990  1.00000000
6699.33742  1.00000000
6699.47493  1.00000000
6699.61245  1.00000000
6699.74997  1.00000000
6699.88749  1.00000000
6700.02500  1.00000000
6700.16252  1.00000000
6700.30004  1.00000000
6700.43755  1.00000000
6700.57507  1.00000000
6700.71259  1.00000000
6700.85011  1.00000000
6700.98762  1.00000000
6701.12514  1.00000000
6701.26266  1.00000000
6701.40018  1.00000000
6701.53769  1.00000000
6701.67521  1.00000000
6701.81273  1.00000000
6701.95024  1.00000000
6702.08776  1.00000000
6702.22528  1.00000000
6702.36280  1.00000000
6702.50031  1.00000000
6702.63783  1.00000000
6702.77535  1.00000000
6702.91286  1.00000000
6703.05038  1.00000000
6703.18790  1.00000000
6703.32542  1.00000000
6703.46293  1.00000000
6703.60045  1.00000000
6703.73797  1.00000000
6703.87548  1.00000000
6704.01300  1.00000000
6704.15052  1.00000000
6704.28804  1.00000000
6704.42555  1.00000000
6704.56307  1.00000000
6704.70059  1.00000000
6704.83810  1.00000000
6704.97562  1.00000000
6705.11314  1.00000000
6705.25066  1.00000000
6705.38817  1.00000000
6705.52569  1.00000000
6705.66321  1.00000000
6705.80073  1.00000000
6705.93824  1.00000000
6706.07576  1.00000000
6706.21328  1.00000000
6706.35079  1.00000000
6706.48831  1.00000000
6706.62583  1.00000000
6706.76335  1.00000000
6706.90086  1.00000000
6707.03838  1.00000000
6707.17590  1.00000000
6707.31341  1.00000000
6707.45093  1.00000000
6707.58845  1.00000000
6707.72597  1.00000000
6707.86348  1.00000000
6708.00100  1.00000000
6708.13852  1.00000000
6708.27603  1.00000000
6708.41355  1.00000000
6708.55107  1.00000000
6708.68859  1.00000000
6708.82610  1.00000000
6708.96362  1.00000000
6709.10114  1.00000000
6709.23865  1.00000000
6709.37617  1.00000000
6709.51369  1.00000000
6709.65121  1.00000000
6709.78872  1.00000000
6709.92624  1.00000000
6710.06376  1.00000000
6710.20128  1.00000000
6710.33879  1.00000000
6710.47631  1.00000000
6710.61383  1.00000000
6710.75134  1.00000000
6710.88886  1.00000000
6711.02638  1.00000000
6711.16390  1.00000000
6711.30141  1.00000000
6711.43893  1.00000000
6711.57645  1.00000000
6711.71396  1.00000000
6711.85148  1.00000000
6711.98900  1.00000000
6712.12652  1.00000000
6712.26403  1.00000000
6712.40155  1.00000000
6712.53907  1.00000000
6712.67658  1.00000000
6712.81410  1.00000000
6712.95162  1.00000000
6713.08914  1.00000000
6713.22665  1.00000000
6713.36417  1.00000000
6713.50169  1.00000000
6713.63920  1.00000000
6713.77672  1.00000000
6713.91424  1.00000000
6714.05176  1.00000000
6714.18927  1.00000000
6714.32679  1.00000000
6714.46431  1.00000000
6714.60183  1.00000000
6714.73934  1.00000000
6714.87686  1.00000000
6715.01438  1.00000000
6715.15189  1.00000000
6715.28941  1.00000000
6715.42693  1.00000000
6715.56445  1.00000000
6715.70196  1.00000000
6715.83948  1.00000000
6715.97700  1.00000000
6716.11451  1.00000000
6716.25203  1.00000000
6716.38955  1.00000000
6716.52707  1.00000000
6716.66458  1.00000000
6716.80210  1.00000000
6716.93962  1.00000000
6717.07713  1.00000000
6717.21465  1.00000000
6717.35217  1.00000000
6717.48969  1.00000000
6717.62720  1.00000000
6717.76472  1.00000000
6717.90224  1.00000000
6718.03975  1.00000000
6718.17727  1.00000000
6718.31479  1.00000000
6718.45231  1.00000000
6718.58982  1.00000000
6718.72734  1.00000000
6718.86486  1.00000000
6719.00238  1.00000000
6719.13989  1.00000000
6719.27741  1.00000000
6719.41493  1.00000000
6719.55244  1.00000000
6719.68996  1.00000000
6719.82748  1.00000000
6719.96500  1.00000000
6720.10251  1.00000000
6720.24003  1.00000000
6720.37755  1.00000000
6720.51506  1.00000000
6720.65258  1.00000000
6720.79010  1.00000000
6720.92762  1.00000000
6721.06513  1.00000000
6721.20265  1.00000000
6721.34017  1.00000000
6721.47768  1.00000000
6721.61520  1.00000000
6721.75272  1.00000000
6721.89024  1.00000000
6722.02775  1.00000000
6722.16527  1.00000000
6722.30279  1.00000000
6722.44031  1.00000000
6722.57782  1.00000000
6722.71534  1.00000000
6722.85286  1.00000000
6722.99037  1.00000000
6723.12789  1.00000000
6723.26541  1.00000000
6723.40293  1.00000000
6723.54044  1.00000000
6723.67796  1.00000000
6723.81548  1.00000000
6723.95299  1.00000000
6724.09051  1.00000000
6724.22803  1.00000000
6724.36555  1.00000000
6724.50306  1.00000000
6724.64058  1.00000000
6724.77810  1.00000000
6724.91561  1.00000000
6725.05313  1.00000000
6725.19065  1.00000000
6725.32817  1.00000000
6725.46568  1.00000000
6725.60320  1.00000000
6725.74072  1.00000000
6725.87823  1.00000000
6726.01575  1.00000000
6726.15327  1.00000000
6726.29079  1.00000000
6726.42830  1.00000000
6726.56582  1.00000000
6726.70334  1.00000000
6726.84086  1.00000000
6726.97837  1.00000000
6727.11589  1.00000000
6727.25341  1.00000000
6727.39092  1.00000000
6727.52844  1.00000000
6727.66596  1.00000000
6727.80348  1.00000000
6727.94099  1.00000000
6728.07851  1.00000000
6728.21603  1.00000000
6728.35354  1.00000000
6728.49106  1.00000000
6728.62858  1.00000000
6728.76610  1.00000000
6728.90361  1.00000000
6729.04113  1.00000000
6729.17865  1.00000000
6729.31616  1.00000000
6729.45368  1.00000000
6729.59120  1.00000000
6729.72872  1.00000000
6729.86623  1.00000000
6730.00375  1.00000000
6730.14127  1.00000000
6730.27878  1.00000000
6730.41630  1.00000000
6730.55382  1.00000000
6730.69134  1.00000000
6730.82885  1.00000000
6730.96637  1.00000000
6731.10389  1.00000000
6731.24141  1.00000000
6731.37892  1.00000000
6731.51644  1.00000000
6731.65396  1.00000000
6731.79147  1.00000000
6731.92899  1.00000000
6732.06651  1.00000000
6732.20403  1.00000000
6732.34154  1.00000000
6732.47906  1.00000000
6732.61658  1.00000000
6732.75409  1.00000000
6732.89161  1.00000000
6733.02913  1.00000000
6733.16665  1.00000000
6733.30416  1.00000000
6733.44168  1.00000000
6733.57920  1.00000000
6733.71671  1.00000000
6733.85423  1.00000000
6733.99175  1.00000000
6734.12927  1.00000000
6734.26678  1.00000000
6734.40430  1.00000000
6734.54182  1.00000000
6734.67933  1.00000000
6734.81685  1.00000000
6734.95437  1.00000000
6735.09189  1.00000000
6735.22940  1.00000000
6735.36692  1.00000000
6735.50444  1.00000000
6735.64196  1.00000000
6735.77947  1.00000000
6735.91699  1.00000000
6736.05451  1.00000000
6736.19202  1.00000000
6736.32954  1.00000000
6736.46706  1.00000000
6736.60458  1.00000000
6736.74209  1.00000000
6736.87961  1.00000000
6737.01713  1.00000000
6737.15464  1.00000000
6737.29216  1.00000000
6737.42968  1.00000000
6737.56720  1.00000000
6737.70471  1.00000000
6737.84223  1.00000000
6737.97975  1.00000000
6738.11726  1.00000000
6738.25478  1.00000000
6738.39230  1.00000000
6738.52982  1.00000000
6738.66733  1.00000000
6738.80485  1.00000000
6738.94237  1.00000000
6739.07988  1.00000000
6739.21740  1.00000000
6739.35492  1.00000000
6739.49244  1.00000000
6739.62995  1.00000000
6739.76747  1.00000000
6739.90499  1.00000000
6740.04251  1.00000000
6740.18002  1.00000000
6740.31754  1.00000000
6740.45506  1.00000000
6740.59257  1.00000000
6740.73009  1.00000000
6740.86761  1.00000000
6741.00513  1.00000000
6741.14264  1.00000000
6741.28016  1.00000000
6741.41768  1.00000000
6741.55519  1.00000000
6741.69271  1.00000000
6741.83023  1.00000000
6741.96775  1.00000000
6742.10526  1.00000000
6742.24278  1.00000000
6742.38030  1.00000000
6742.51781  1.00000000
6742.65533  1.00000000
6742.79285  1.00000000
6742.93037  1.00000000
6743.06788  1.00000000
6743.20540  1.00000000
6743.34292  1.00000000
6743.48044  1.00000000
6743.61795  1.00000000
6743.75547  1.00000000
6743.89299  1.00000000
6744.03050  1.00000000
6744.16802  1.00000000
6744.30554  1.00000000
6744.44306  1.00000000
6744.58057  1.00000000
6744.71809  1.00000000
6744.85561  1.00000000
6744.99312  1.00000000
6745.13064  1.00000000
6745.26816  1.00000000
6745.40568  1.00000000
6745.54319  1.00000000
6745.68071  1.00000000
6745.81823  1.00000000
6745.95574  1.00000000
6746.09326  1.00000000
6746.23078  1.00000000
6746.36830  1.00000000
6746.50581  1.00000000
6746.64333  1.00000000
6746.78085  1.00000000
6746.91836  1.00000000
6747.05588  1.00000000
6747.19340  1.00000000
6747.33092  1.00000000
6747.46843  1.00000000
6747.60595  1.00000000
6747.74347  1.00000000
6747.88099  1.00000000
6748.01850  1.00000000
6748.15602  1.00000000
6748.29354  1.00000000
6748.43105  1.00000000
6748.56857  1.00000000
6748.70609  1.00000000
6748.84361  1.00000000
6748.98112  1.00000000
6749.11864  1.00000000
6749.25616  1.00000000
6749.39367  1.00000000
6749.53119  1.00000000
6749.66871  1.00000000
6749.80623  1.00000000
6749.94374  1.00000000
6750.08126  1.00000000
6750.21878  1.00000000
6750.35629  1.00000000
6750.49381  1.00000000
6750.63133  1.00000000
6750.76885  1.00000000
6750.90636  1.00000000
6751.04388  1.00000000
6751.18140  1.00000000
6751.31891  1.00000000
6751.45643  1.00000000
6751.59395  1.00000000
6751.73147  1.00000000
6751.86898  1.00000000
6752.00650  1.00000000
6752.14402  1.00000000
6752.28154  1.00000000
6752.41905  1.00000000
6752.55657  1.00000000
6752.69409  1.00000000
6752.83160  1.00000000
6752.96912  1.00000000
6753.10664  1.00000000
6753.24416  1.00000000
6753.38167  1.00000000
6753.51919  1.00000000
6753.65671  1.00000000
6753.79422  1.00000000
6753.93174  1.00000000
6754.06926  1.00000000
6754.20678  1.00000000
6754.34429  1.00000000
6754.48181  1.00000000
6754.61933  1.00000000
6754.75684  1.00000000
6754.89436  1.00000000
6755.03188  1.00000000
6755.16940  1.00000000
6755.30691  1.00000000
6755.44443  1.00000000
6755.58195  1.00000000
6755.71946  1.00000000
6755.85698  1.00000000
6755.99450  1.00000000
6756.13202  1.00000000
6756.26953  1.00000000
6756.40705  1.00000000
6756.54457  1.00000000
6756.68209  1.00000000
6756.81960  1.00000000
6756.95712  1.00000000
6757.09464  1.00000000
6757.23215  1.00000000
6757.36967  1.00000000
6757.50719  1.00000000
6757.64471  1.00000000
6757.78222  1.00000000
6757.91974  1.00000000
6758.05726  1.00000000
6758.19477  1.00000000
6758.33229  1.00000000
6758.46981  1.00000000
6758.60733  1.00000000
6758.74484  1.00000000
6758.88236  1.00000000
6759.01988  1.00000000
6759.15739  1.00000000
6759.29491  1.00000000
6759.43243  1.00000000
6759.56995  1.00000000
6759.70746  1.00000000
6759.84498  1.00000000
6759.98250  1.00000000
6760.12002  1.00000000
6760.25753  1.00000000
6760.39505  1.00000000
6760.53257  1.00000000
6760.67008  1.00000000
6760.80760  1.00000000
6760.94512  1.00000000
6761.08264  1.00000000
6761.22015  1.00000000
6761.35767  1.00000000
6761.49519  1.00000000
6761.63270  1.00000000
6761.77022  1.00000000
6761.90774  1.00000000
6762.04526  1.00000000
6762.18277  1.00000000
6762.32029  1.00000000
6762.45781  1.00000000
6762.59532  1.00000000
6762.73284  1.00000000
6762.87036  1.00000000
6763.00788  1.00000000
6763.14539  1.00000000
6763.28291  1.00000000
6763.42043  1.00000000
6763.55794  1.00000000
6763.69546  1.00000000
6763.83298  1.00000000
6763.97050  1.00000000
6764.10801  1.00000000
6764.24553  1.00000000
6764.38305  1.00000000
6764.52057  1.00000000
6764.65808  1.00000000
6764.79560  1.00000000
6764.93312  1.00000000
6765.07063  1.00000000
6765.20815  1.00000000
6765.34567  1.00000000
6765.48319  1.00000000
6765.62070  1.00000000
6765.75822  1.00000000
6765.89574  1.00000000
6766.03325  1.00000000
6766.17077  1.00000000
6766.30829  1.00000000
6766.44581  1.00000000
6766.58332  1.00000000
6766.72084  1.00000000
6766.85836  1.00000000
6766.99587  1.00000000
6767.13339  1.00000000
6767.27091  1.00000000
6767.40843  1.00000000
6767.54594  1.00000000
6767.68346  1.00000000
6767.82098  1.00000000
6767.95849  1.00000000
6768.09601  1.00000000
6768.23353  1.00000000
6768.37105  1.00000000
6768.50856  1.00000000
6768.64608  1.00000000
6768.78360  1.00000000
6768.92112  1.00000000
6769.05863  1.00000000
6769.19615  1.00000000
6769.33367  1.00000000
6769.47118  1.00000000
6769.60870  1.00000000
6769.74622  1.00000000
6769.88374  1.00000000
6770.02125  1.00000000
6770.15877  1.00000000
6770.29629  1.00000000
6770.43380  1.00000000
6770.57132  1.00000000
6770.70884  1.00000000
6770.84636  1.00000000
6770.98387  1.00000000
6771.12139  1.00000000
6771.25891  1.00000000
6771.39642  1.00000000
6771.53394  1.00000000
6771.67146  1.00000000
6771.80898  1.00000000
6771.94649  1.00000000
6772.08401  1.00000000
6772.22153  1.00000000
6772.35904  1.00000000
6772.49656  1.00000000
6772.63408  1.00000000
6772.77160  1.00000000
6772.90911  1.00000000
6773.04663  1.00000000
6773.18415  1.00000000
6773.32167  1.00000000
6773.45918  1.00000000
6773.59670  1.00000000
6773.73422  1.00000000
6773.87173  1.00000000
6774.00925  1.00000000
6774.14677  1.00000000
6774.28429  1.00000000
6774.42180  1.00000000
6774.55932  1.00000000
6774.69684  1.00000000
6774.83435  1.00000000
6774.97187  1.00000000
6775.10939  1.00000000
6775.24691  1.00000000
6775.38442  1.00000000
6775.52194  1.00000000
6775.65946  1.00000000
6775.79697  1.00000000
6775.93449  1.00000000
6776.07201  1.00000000
6776.20953  1.00000000
6776.34704  1.00000000
6776.48456  1.00000000
6776.62208  1.00000000
6776.75959  1.00000000
6776.89711  1.00000000
6777.03463  1.00000000
6777.17215  1.00000000
6777.30966  1.00000000
6777.44718  1.00000000
6777.58470  1.00000000
6777.72222  1.00000000
6777.85973  1.00000000
6777.99725  1.00000000
6778.13477  1.00000000
6778.27228  1.00000000
6778.40980  1.00000000
6778.54732  1.00000000
6778.68484  1.00000000
6778.82235  1.00000000
6778.95987  1.00000000
6779.09739  1.00000000
6779.23490  1.00000000
6779.37242  1.00000000
6779.50994  1.00000000
6779.64746  1.00000000
6779.78497  1.00000000
6779.92249  1.00000000
6780.06001  1.00000000
6780.19752  1.00000000
6780.33504  1.00000000
6780.47256  1.00000000
6780.61008  1.00000000
6780.74759  1.00000000
6780.88511  1.00000000
6781.02263  1.00000000
6781.16015  1.00000000
6781.29766  1.00000000
6781.43518  1.00000000
6781.57270  1.00000000
6781.71021  1.00000000
6781.84773  1.00000000
6781.98525  1.00000000
6782.12277  1.00000000
6782.26028  1.00000000
6782.39780  1.00000000
6782.53532  1.00000000
6782.67283  1.00000000
6782.81035  1.00000000
6782.94787  1.00000000
6783.08539  1.00000000
6783.22290  1.00000000
6783.36042  1.00000000
6783.49794  1.00000000
6783.63545  1.00000000
6783.77297  1.00000000
6783.91049  1.00000000
6784.04801  1.00000000
6784.18552  1.00000000
6784.32304  1.00000000
6784.46056  1.00000000
6784.59807  1.00000000
6784.73559  1.00000000
6784.87311  1.00000000
6785.01063  1.00000000
6785.14814  1.00000000
6785.28566  1.00000000
6785.42318  1.00000000
6785.56070  1.00000000
6785.69821  1.00000000
6785.83573  1.00000000
6785.97325  1.00000000
6786.11076  1.00000000
6786.24828  1.00000000
6786.38580  1.00000000
6786.52332  1.00000000
6786.66083  1.00000000
6786.79835  1.00000000
6786.93587  1.00000000
6787.07338  1.00000000
6787.21090  1.00000000
6787.34842  1.00000000
6787.48594  1.00000000
6787.62345  1.00000000
6787.76097  1.00000000
6787.89849  1.00000000
6788.03600  1.00000000
6788.17352  1.00000000
6788.31104  1.00000000
6788.44856  1.00000000
6788.58607  1.00000000
6788.72359  1.00000000
6788.86111  1.00000000
6788.99862  1.00000000
6789.13614  1.00000000
6789.27366  1.00000000
6789.41118  1.00000000
6789.54869  1.00000000
6789.68621  1.00000000
6789.82373  1.00000000
6789.96125  1.00000000
6790.09876  1.00000000
6790.23628  1.00000000
6790.37380  1.00000000
6790.51131  1.00000000
6790.64883  1.00000000
6790.78635  1.00000000
6790.92387  1.00000000
6791.06138  1.00000000
6791.19890  1.00000000
6791.33642  1.00000000
6791.47393  1.00000000
6791.61145  1.00000000
6791.74897  1.00000000
6791.88649  1.00000000
6792.02400  1.00000000
6792.16152  1.00000000
6792.29904  1.00000000
6792.43655  1.00000000
6792.57407  1.00000000
6792.71159  1.00000000
6792.84911  1.00000000
6792.98662  1.00000000
6793.12414  1.00000000
6793.26166  1.00000000
6793.39917  1.00000000
6793.53669  1.00000000
6793.67421  1.00000000
6793.81173  1.00000000
6793.94924  1.00000000
6794.08676  1.00000000
6794.22428  1.00000000
6794.36180  1.00000000
6794.49931  1.00000000
6794.63683  1.00000000
6794.77435  1.00000000
6794.91186  1.00000000
6795.04938  1.00000000
6795.18690  1.00000000
6795.32442  1.00000000
6795.46193  1.00000000
6795.59945  1.00000000
6795.73697  1.00000000
6795.87448  1.00000000
6796.01200  1.00000000
6796.14952  1.00000000
6796.28704  1.00000000
6796.42455  1.00000000
6796.56207  1.00000000
6796.69959  1.00000000
6796.83710  1.00000000
6796.97462  1.00000000
6797.11214  1.00000000
6797.24966  1.00000000
6797.38717  1.00000000
6797.52469  1.00000000
6797.66221  1.00000000
6797.79972  1.00000000
6797.93724  1.00000000
6798.07476  1.00000000
6798.21228  1.00000000
6798.34979  1.00000000
6798.48731  1.00000000
6798.62483  1.00000000
6798.76235  1.00000000
6798.89986  1.00000000
6799.03738  1.00000000
6799.17490  1.00000000
6799.31241  1.00000000
6799.44993  1.00000000
6799.58745  1.00000000
6799.72497  1.00000000
6799.86248  1.00000000
6800.00000  1.00000000
